text,index
좋아,1
난 이 조합도 좋아,1
날이 너무 좋아 뒤통수만 봤지만 곧 앞통수 보러 갑니댜아,1
얘들아 더샤워 라이브 원하면 너무욕심쟁이니 하지만 위캔드도해줫잖아 싸비는 낮은 음만으로 부른다 해도 좋아 제발 불러줘,1
독서광 필력이 좋다,1
일단 카페 분위기도 좋구 카페자체가 너무너무 이뻤고 되게 재밌게 럭드도 진행해주시고 어색하지 않게 진행해주셔서 덩달아 신났던거 같아요 음료도 너무 맛있었고 컵홀더 특전도 너무너무 이뻤습니다,1
여돕여 여성들간의 우정 햇냥 매운맛 여성서사 자빱 냥님 분명 말투는 착해보이지 않는데 막상 보면 엄청 친절하고 잘 챙겨주는 갭이 좋아 까딱하면 죽을 상황에서도 욕하는 빱님 모먼트가 좋아,1
이 착장 넘 좋아,1
슈크림맛은 흑마법사보단 어엿한 정식마법사로 자라서 맑은 맨정신으로 선생님을 따먹는 게 좋다 뭐 그런 생각을 하고 있습니다,1
미나리에서 할머니가 가져온 씨앗이 미나리여서 제목 짓기도 좋고 영어표기도 편하고 얼마나 좋아 깻잎 청양고추 취나물 총각무 이런거 가져왔으면 어쩔뻔햇음,1
손목 납치 후 좋아 죽기,1
켄토 필모 다 좋지만 난 토도메 켄토가 젤 좋다,1
밥반찬으로 좋다 일본식 시금치 무침 비건사양 시금치 데치고 락앤락에 담아서 간장양념에 담그면 끝 시로다시가 없어 다시마육수 간장 청주로 만듬 비건분들도 안심하고 먹을 수 있는 레시피 자세한 레시피는 블로그에서 다인레시피,1
나 리바이보다 에렌이 더 좋아 에렌,1
슈크라떼 역키잡 너무 좋아,1
잘생긴 칭구들 그리기 좋아,1
나는 코테가 정말 좋아,1
이 장면 너무 좋아,1
너무 좋아 저 분 창작물,1
짱박 선공개 지금봤는데 김선호 요즘 컨디션 진짜 좋다 젤웃김 더불어 문형과의 꽁트는 증말 너무 사랑함,1
자매결연은 돈독한 홈친녀들 같아서 좋구 피의연합은 쎄보여서 좋음 하 고민쓰,1
소중한 사람이 생겨서 다정해지거나 유해지는건 캐붕이아니라 발전과성장이야 그리고 난 그게 좋다 나도 좋다 나도,1
아카츠키 너무 좋아 흣흑 선배 사랑해요 어어 친구 너도 사 해,1
니렌 형제 서로 호칭이 지로 이치로 이름이라는 점이 어떻게 생각해도 너무 발린다 어린 시절이나 특정 상황에만 형이라 부르는 것도 옛날부터 줄곧 이름으로 불러온 것도 좋아,1
저 작은 손에 반지에 네일 덕지 덕지 있는거 진짜 너무 좋다,1
오늘 창민이가 뉴야 보고 찬아 하는데 예전에 주연이 생각났어 찬아 하고 부르는 거 넘 좋아,1
오 그거 꽤 싫어하는 사람들 많지 단체로 아이스크림이나 케익 먹을 때 시키면 군말 없이 먹긴 하지만 호불호는 개인 취향에 따라 갈리니 좋다 나쁘다 할 게 아니라서 넷상에서 공방을,1
저 키에서 나올 수 있는 최고의 비율과 몸을 가짐 넘 좋다,1
결말 좋다 좋아 으히히,1
존나 좋다,1
자기도 잘못한 거 있으면서 왜 유튜브랑 트위터에 올리겠다고 협박까지 해 거기다 닉네임 가리는 게 좋아 안 가리는 게 좋냐면서 나한테 나는 어느 쪽이든 상관없는데 라면서 비아냥거렸다고,1
나 갑자기 나의 리를레드고영이 빅레드타이거가 되어와도 좋아,1
이벤트 년 월부터 끈질기게 달려온 본업 원고가 드디어 완결이 났습니다 감격스럽고 기쁘고 아 가슴 막 벅차오르고 너무 힘들었던 기억이 많아서 제가 너무 대견하고 기분이 좋아 짜잔 깜짝 알티 이벤 알티해,1
검은색이 안물리고 좋아,1
니가 좋으면 나도 좋아,1
허어어어 저랑 만나면 같이 만두머거요 저 샤오룽바오도 좋구 그냥 한국식 만두도좋구 다 조아요,1
아 미친 울 공주 개인화보 실실 웃으면서 빨래널다가 다시 폰 집어들음 어떡함 좋아 뒤지겟음,1
하얀가운 팔락거리면서 다니는게 좋다 본격 연구원이면 성격도 훨씬 까칠하겠지 이프일뿐이지만,1
히히 공부하고 검은사제들 본다 몇번봐도 좋아 제가 엑소시즘 영화를 좋아해서,1
비록 은 아녔지만 괜찮았어 구멍방은 언제나 좋다,1
오늘은 기부니 좋아 랄랄라랄랄랄랄라,1
좋아 하지만,1
앤오가 내 앤캐 캐해석 부숴주는 순간 넘 좋아 썰풀다가 내가 예상한 반응보다 더 다정하고 진지하고 애정이 묻어나는 반응을 보인다고 할 때 누가 심장이랑 대가리 합치는 기분이 듦 너희 진짜 사랑을 하고있구나,1
나는 슈가 풍선이지,1
줄여서 좋아 앙앙님 좋아,1
안그래도 사복 꺼멓게 입고다니는거 간지와방이라 좋았는데 머리까지 까만색이라 진심 너무 좋아 완전 간지나 아기천사 중에서 간지 티어야,1
난 다 조아 세세한 칭찬도 좋구 코리안식 드립도 좋구,1
오늘 날씨 좋아,1
노래가 너무 좋다 했더니 데이빗 게타랑 아버 맥스의 조합이었어 좋아하는 거 좋아하는 거 개짱좋아하는 거 가 되는 구나,1
쌍디덜 외모 똑같은데 인상차이 나는 점이 좋아,1
진심 존나 좋다,1
나 기초템 다 이니스프리거잖어 좋아 저거 그린티 세럼 저거 좋아 써봤삼,1
센조 차영 분위기 뭐야 뭐야 나 촉 되게 좋아 풀버전 감상 매주 토일 밤 시 방송 빈센조 토일드라마 송중기 전여빈 옥택연 유재명 김여진 곽동연,1
연경이 언니 너무 좋다 힘쎄고 털털하고 남 잘 챙기고 연봉 몇억이죠 했더니 피식 웃으면서 그렇게밖에 안 될 거 같아 하고 웃고 게다가 오늘은 만날래 안그래도 요즘 외로운데 그냥 세상 전부 다 가지실 거 같은데여,1
이 새끼 왜 자꾸 말을 하다 말죠,1
화련 좋아,1
마마 오프닝을 장식한 카이 년을 풍비박산 내버린 아이돌그룹 엑소의 센터로서 마마의 문을 열었다네 앞에 있는 장막이나 앵글 연출 뭐 딱히 훌륭한 건 아니지만 카이는 잘추고 또 여러모로 의미 있는 무대라 가,1
빡치는거야 물론 우리가 지금 아무리 열렬히 사랑하더라도 언젠가 마음이 식을순있어 그정돈 서율도 알아 근데 지금 당장은 당장의 감정에 집중하잔 말이야 김성룡 너 나 사랑하잖아 아니야 물어보면 맞대 좋아 죽겠대 근데 넌 왜 맨,1
사랑의 콜센타 임영웅 임영웅 진짜 너무 좋아 어떡하지,1
여기 챡챡챡 하는 느낌의 안무 너무 좋아,1
복햊 둘이 눈빛 주고받는게 너무 좋다 학 로서도 롬줄로서도 너무 좋았어,1
나는 그냥 다 좋아 나는그냥 다 좋아 니모든게 다 좋아 니모든게 다 좋아 아름다운 너 내것이 되지,1
애들 앨범 꾸미거나 편지 쓸 때 집중하는 거 좋아 아무 말 안 해도 재밌는 방송 정수리 브이앱 많이 보고 싶음,1
오우 이 인터뷰 정말 좋다 영화는 단순히 국가적인 이야기를 하는 것을 넘어서 우리 모두가 공유하는 인간의 자질에 대해 이야기할 수 있다고 믿는다 일정 영역에 도달한 영화에 대해 국적을 따지는 것은 무,1
사실증명을 위해 본인이 임신을 해보시는건 어때요 딱 좋다 그져,1
좋아 뭐하고 있었어,1
아 너무 좋다,1
아 방찬 너무 좋아,1
딱 붙는 바지 너무 좋아,1
현진아 밖에 날씨 좋다 산책이라도 나갔다 오렴,1
그 태생이나 능력에서 기인한 위치를 생각해보았을 때 고죠는 사실 맘만 먹으면 대체로 손에 넣을 수 있는 삶이었을 거란 말임 그래서 딱히 소유에 집착하지 않았을 거 같아 그런 사람이 게토의 처음,1
날티모먼트 좋아 런진이의 평소 스타일과 전혀 반대되는 그런거 좋아 그냥 좋아 런진이가 좋아,1
녹음부스 창미니 좋아,1
잘하는 채연이도 참 좋아 하는데 나는 그냥 채연가 보고싶다 언제나 그냥 마구 사랑해 이채연,1
진짜 여유만 되면 옥정 전관하구 싶다 너무 좋다 너무 좋아,1
그래두 좋다,1
시발 너무 좋아,1
서콰야 막차 노래 너무 좋아 그래서 커버곡로 해주세유,1
최애가 당신에게 전하는 숫자암호 프제님이 전하고 싶은 숫자암호는 입니다 해석은 네이버에 검색하세요 좋아 가자,1
오 좋아,1
눈 뜨자마자 예쁜 웅이 보니 넘 좋아 이 별빛 같은 왕자야,1
책에 뿌리고 봐야지 넘 좋다,1
무대에서 내려와서 몇 안되는 관객분들이랑 같이 즐기는 영타기 바경탁 안 좋아 할수가,1
근데 난 하나코 보다 주황머리가 더 좋아,1
딱 배경화면 하기 좋다,1
오랜만에 옛날에 먹던 만큼 먹엇어 배부르지도 않고 딱 좋다 전엔 매일 이렇게 먹었었는데,1
이번노래 살랑살랑해서 좋다,1
문워크 문빈 진짜 너무 좋다,1
좋아 아 미친 아니 하 미친 아니 하아 짜 개좋아 하 죽겠네 너무좋아 미친 하,1
해의 호흡으로부터 파생된 호흡을 쓰는 미치카츠 그리고 평생 요리이치의 흔적을 지우지 못하는 코쿠 이게 너무 좋아,1
뱀파연금 포도남매 현실남매 바이브가 너무 좋다,1
아슬아슬한 분위기를 젤 좋아하지만 그걸 다 거친 진짜 배우자 모먼트도 좋아 초면에 존대 썼을 거라는 확신이 있기 때문에 초면에 말 까고 씨발씨발할 사람 아니라니까 정재철 그때의 그 아슬아슬 끈,1
몸 상태 안 좋을 때 지금 이시간이면 겨우 첫끼 먹고 잇을 때였는데 참 좋다,1
예당 오페라에서 보다가 블퀘로 오니까 무대 가로길이가 확 좁아 보이는데 그만큼 더 꽉 찬 느낌 나는 건 좋다 사블통인데 소외감 시야는 완전 대 죠 음 중블보다 훨씬 좋은 것 같어,1
오 노래 좋다,1
아 이렇게 조명 음악 무용 그리고 기깔난 연기들이 잘 조화되어 있는 연극 너무 좋아 최고야,1
역시 역키잡의 민족 답게 맛이 좋다,1
잘하는 채연이도 참 좋아 하는데 나는 그냥 채연이가 보고싶다 언제나 그냥 마구 사랑해 이채연,1
감정이 밀려오는것들이 좋다 표정 몸짓 심리표현 주변의 날씨 공기,1
되게 카마보코 곤파치로 발음이 좋아 입에 짝짝붙어,1
눕는게 제일 좋아,1
배우님들 너무 다 귀여우시고 최고시다 눙 성량 진짜 최고다 나 진짜 너무 좋아,1
아가야들 잘 잔다 일요일 좋아,1
날씨 좋다,1
노래 진짜 너무 좋아,1
진짜 발음이 너무 찰져서 좋아,1
생방으로 일러같은걸 그려준다는건가요 지금 일단 뭐든 좋다 그리고 저 남성우분 되게 열심히 하시는게 너무 좋아욬 목소리도 좋아서 요괴워치 메달모으면서,1
참 좋은 자세다 멋지마 좋다 근데 왜 일요일 시간 눈치없네 진짜,1
비가 온다 좋다,1
간지러워 노래 너무 좋다,1
이효민 체력 쓰레기라는게 왤케 좋지 아 존나 좋아 미쳤다,1
오랜만에 귀로 듣는 인사 뭔가 더 기운차구 행복해보이는 느낌이 들었어 너희가 행복해서 너희가 반짝여서 너무 좋다,1
질충쟌 원음 연기 떴어 더빙도 잘 어울렸는데 역시 원음이 제일 좋다,1
집이 좋아 역시,1
허광한 브랜드 활동 직캠 엘르 인텁때 미친텐션 허광한 아주 입찢어지게 빵빵터지면서 웃어 웃는거만 봐도 좋아 죽겠는 사람 허광한,1
아 비트 미쳤다고 너무 좋아,1
나두 좋다 촷좐이라고 부르면 될까,1
누짱은 오전 수업이 좋아 오후 수업이 좋아 난 그냥 오전에 다 때려넣고 빨리 끝내는게 좋더라고,1
좋다 좋아,1
동햬는 세가지 모두 무기체임에 반해 혁쟤는 다 유기체인 것도 재밌고 둘 다 미래보다 현재가 좋다 했지만 저 세가지 소중한 것들로 추측해보아 동햬는 본인 이 이뤄낸 성취감 가득한 현재가 좋은데 혁쟤는 타인 과 맺는 관계에서 오는 안온함이 좋은 것,1
미스터션샤인 화까지봣는데 너무재미잇고 전개가 느린게 오히려 나는 잔잔하니 좋다,1
사랑에 빠지면 다 바보가 되는 걸 참 좋아하는데 살아온 세월이 긴 만큼 어떤 형태로든 사람을 많이 만나왔을 포레가 크롬 앞에서는 뚝딱거린다는게 좋아,1
라떼맛 쿠키의 라떼는 말이야 넘 좋다,1
돈 많니 좋아,1
아 진짜 계곡 그래 분위기랑 물은 맑구나 여기서 숙박하나 하면서 능이 백숙 먹음 여기가 내 년 단골집이야 년은 빼고 말해조요 능이 많이 먹어 몸에 좋아 년 동안 능이 많이 먹어서 몸이 그렇게 좋은가보,1
조규현 조규현 조규현 아 진짜 미쳤다 넘 좋다,1
브레이브걸스 롤린 음악방송 강제 소환 다음주부터 출격 공식 출처 스포츠 네이버 연예 헐 너무 좋아,1
둘이 온도차 다른게 좋다,1
엘파바가 날면서 가창력 뽐내는데 단순히 그런 장면인 게 아니라 엘파바가 그런 선택을 할 수밖에 없었던 상황과 엘파바의 마음이 너무 잘 전해져서 진짜 눈물난다 너무 좋다 진짜,1
난 둘 다 좋아,1
앟 진짜여 그분이 진짜 제 영화 봤대요 무명배우 특집으로 국공이 인터뷰하다가 대배우 태효가 실시간으로 자기 언급했다고 해서 좋아 죽는 것 같다 귀욤토리국공이 악역 해보고 싶다고 연기하던 중이었는데 그 말,1
매뉴얼즈가 좋다 지옥에서 올라온듯한 인상의 선역이라는 점이,1
아 죽었다 에서 소름 쫙 돋았다 미쳣다 분위기 너무 좋다,1
남사친이랑 바람나서 좋아,1
근디 각자 성 고유적으로 가지고 있는 것도 좋아 애들 이름 에드윈리 성 둘다 넣어 지으면 안되나 엘릭 뫄뫄 록벨,1
아니 미친 코로이카 권 지금 읽는데 븽븽 스컬 히어로 기어 미친거 아녀 넘 좋아,1
너무 좋아 새 이불 개시,1
친구 너는 남주가 좋아 서브남주가 좋아 나 서브남주 친구 짜장면이 좋아 단무지가 좋아 나 당근 짜장면이지 친구 그럼 남주를 좋아하는 거네 나 그럼 너는 짜장면 시켜두고 단무지만 먹냐,1
광기의 충성도 주종관계드림도 좋아 주종관계인데 사상대립하는드림도 좋아,1
신화 캐해 너무 좋아 하 미치겟다,1
아 좋아,1
부럽어 나는 다 끊어도 콜라는 못 끊나바 유전적으로 너무 조아해 사이다는 입도 안 대는데 콜라는 너무 좋아,1
나 대극장극 사랑하나 아 오랜만에 너무 좋다 옥정 넘 좋네 무도회씬부터 왜케 눈물남 경게는 정말 외국 킹카 넘 잘어울려 아 진짜 너무,1
오히려 좋아,1
유사 가족관계가 너무 좋아 이건 내 운명인거였지,1
저거보니까 생각남 코엑스 앞에도 저런 대따 큰 세로엘이디 간판 있는데 누가 거기에 김땡호 얼굴 박아줫음좋겟다 클수록 좋아,1
추미애 글 좋다 수사는 체포 구속 압수 등 본질적으로 인권 침해적 행위이므로 검사에 의해 엄격히 통제되어야하고 통제할 주체가 없는 검사는 직접 수사를 하지 않도록 해야합니다 그것이 우리 헌법이 정한 수사 기소 분,1
에가오노 마호 듣는데 넘 좋아 페테 보고 싶어,1
대가 끊긴 유도부의 희망이래 미쳐버려 아 너무 좋다 학교에서 밀어주는 신인 붕붕 우리 흥이는 정말 이종격투기 너무 어울려줍니다 그래서 좋아하는편,1
관종같고 좋다,1
너의 풀린 눈은 너무 좋아 섹트 오프 일탈,1
좋다,1
음 좋아,1
어쨌든 믾 필 온도 다른 고영상인거 좋다,1
같이 가요 너무 좋음 그냥 진짜 이거 그냥 와 진짜 그갼 엉으야엉양 내심장 우르륽쾅쾅와그잙우긁랅 이거임 그냥 존나 좋아 더 알지못해도 다 알수있어요,1
예를들면 본인이 굳이 의식하지 않더라도 같이 걷는 사람의 속도를 맞춰 걸을 수 있는 사람을 좋아함 내가 멈춰서면 곧잘 알아채고 같이 멈춰주는 사람이 좋다,1
정원이라는 사람한테 매일 위로 받는 내 삶 좋다,1
이머리 너무 좋아 푸른산호초 같은,1
아놔 제가 낄거예요 나와 보세요 비집고 들어가요 앜 다들 그렇나보네요 앤캐 그릴 때 아무래도 입꼬리 상승하는 편이죠 헤헤 좋다 루키최고 쫩쫩,1
더샤워라이브기원 일차 돌입,1
어디가서 좆같은 나의 취향말하기 뭐함 부치내서 부치 깔아먹는게 좋아 응,1
연예인 남자친구 나님은 엑소 디오 좋아,1
갬성사진 좋다,1
나 켄가토키 어떡하먄 좋아 안돌아가 노트북도 공기계도 다 느러 어더해,1
미쳤나봐 조유리 너무 좋아 진짜 천재같애,1
그냥 서로의 소중한 시간들을 늘려가는게 너무 좋아,1
진짜 넘 좋아 진짜 너무 예뻐,1
좋아 오늘 짜장면,1
나 진짜 러브 너무 좋아 어떡해,1
뭐지 진짜 이사람 뭐지 어쩜 고딩도 회사원도 잘 어울리냐 다 좋다,1
좋다 좋아 그저 좋거든,1
귀엽고 좋아,1
그랑 실시간 일러그리기 너무 좋다,1
좋다 근데 읽다보니 결론은 내가 나에 대해 잘 알고 있으면 그걸로 충분하다는거였어 굳이 여기 저기에 돈 쓰고 타인에게 나는 어떤 사람인가요 묻기 보다 그 시간에 나를 들여다보면 그걸로 된거구나 싶더라고,1
날씨가 너무 좋다 깜찍아 조은하루 보내,1
진짜 파란머리에요 빈이가 파란머리라고요 정말로요 흑흑흑 말로 표현 못할만큼 너무 좋다,1
안전해도 고죠는 무한을 안풀고있다는건 그만큼 주술고전도 완전히 믿고있지는 않다는걸까 아님 그 교류회때 사건땜에 더 바짝 신경쓰는건지,1
박서준 윤스테이 화 영상볼땐 마스크 팩만 보였는데 자세히 보니 자세 뭔일 머리말리면서도 운동하니 아님 복근힘이 좋아 편한거니 보통 양반다리 하지 않냐구,1
헉 좋아,1
년동안 일하면서 인피니트만큼 본업 잘하고 병크 안터진 연예인 어딨냐 지금 울림 보컬 좋다 뭐다 울림돌 모음 이런 울림 이미지 다 잉피가 만들어줬는데 진심 울림은 잉피랑 김성규한테 고마워해야함,1
내 손을 잡아 석순 네가 좋아 정말 못 견딜 만큼,1
오늘 날씨 왜이렇게 좋아,1
날 따라해봐요 이렇게 글쓴이 엠감동 역시 좋아 내동생들,1
말랐을 때 예민해보이는 얼굴이 좋아,1
귀멸의 칼날 사네미 미니타운 이벤트 요즘 천사분들을 많이 만나 뵈어 기분이 너무 좋아 알티 이벤트 열어봐요 월 일 일내 배송 시작입니다 기다려주실 수 있으신 분만 참여해주세요,1
옷을 너무 얇게 입었나 좀 춥긴 한데 좋다,1
아니 좋아 기상상태에 대해 쭉 열거하는 것도 해가 지는 황혼 아래에서 글 읽는 것 같은 기분도 잔잔한 표현 묘사 다 사랑해요진짜미쳐버릴거같음,1
나 얘 좋아,1
글방을 점심때 하니까 뭔가 오후 내내 여유롭고 좋다 아 날씨가 좋아서 그런가,1
자기 너무 변덕스러워 좋아 하으응,1
날 좋다,1
감초석류 감석 석류 앞에서 어쩔줄 몰라하는게 느껴지는 감초가 좋아,1
윰윰이 중앙본부팀장인게 별안간 좋다 세상 아담하고 까칠 고영 와기래티종인데 그 넓은 중앙본부 통솔하는 꽁보토미 최연소 팀장,1
옥파바 오늘 실수 하나도 없고 매우 클린했음 마법사와 나 때 진짜 좋고 밥맛송도 좋았음 편지들고 갈린다 생각하며 궁리하는거 너무 귀여워 갈린다랑 부딪히구 옷 털어내는것도 오즈도착해서부터,1
웅웅 짱 좋아,1
좋다 러브러브 나도하고싶다 러브러브,1
주연끼리 사이 좋은 거 진짜 좋다 둘이 워낙 원래부터 장꾸였긴한데 장꾸 둘이 붙으니까 더 웃김 좋은 분위기 속에서 좋은 작품이 나오는 건 당연하고,1
와 좋다 노래도 불러주네,1
기적의 세대에서 키세가 가장 소속감을 크게 여기는 캐릭터라는 점이 그리고 그게 꾸준하게 강조된다는 게 좋아 기적의 세대라는 이름에 집착하지 않는다 고 했잖아 얼핏 보면 소속감을 중요시하지 않는 건가 싶,1
좋아하는 것에는 좋아한다 소리지르는 편 너무 좋아 최고 좋아,1
미미친 파판의 이런 점이 너무 좋아 암울한건 암울하게 해주는데 그게 메인은 아님,1
저 양기 어쩌면 좋아,1
제발 우미랑 노조미가 너무 좋다,1
산책 했다 날씨 좋다,1
날씨랑 승우랑 다 너무 좋아,1
스모킹 디테일 드레스 원 올 봄 여름의 유니폼이 되어줄 친구이다 가슴 부분이 밴딩 처리되어 있어서 정말 편하다 소재가 정말 마음에 드는데 비스코스라고 되어있지만 이게 다른 말로 하면 인견,1
하 인장 스야리스 좋 요 좋아,1
전야는 언제 들어도 참 좋다,1
난 좋아,1
기적의 세대에서 키세가 가장 소속감을 크게 여기는 캐릭터라는 점이 그리고 그게 꾸준하게 강조된다는 게 좋아 기적의 세대라는 이름에 집착하지 않는다 고 했잖아 얼핏 보면 소속감을 중요시하지 않는 건가 싶을 수도,1
나도 여친 가져볼래 줭 연상 누나면 좋아 난 남이야 남자지만 신기하게도 애교가 좀 있는 성격이라 얼공은 자유야 히히 변도 가능해 성격은 상관없엉 여친 남친 연상 연하 선착순 애교 누나 동생 간절,1
요즘 저런 그림체가 좋아,1
영웅 활동 때 이 날 완전 내 최애임 날티 작렬이었다가 정장꾸였다가 올빽 딱복이었다가 정선배였다가 하루종일 좋아 죽는줄 알았음,1
와 진짜 너뭊 더 너무 좋다 냐롴 맛있다,1
좋아 주소,1
사촌 결혼식이라 시에 본가로 가서 엄마 픽업하고 다시 대치동까지 결혼식 갔다가 남편 회사동료 결혼식 땜에 명동까지 와서 헤어져서 나는 엄마 지하철로 본가 동네까지 다시 모셔다드리고 버스타고 집에 오니,1
용 웃는거 넘 해맑고 좋아,1
얼마전에 지정연 읽고 지금 가보연 보고 있으려니까 더 좋음 이런 느낌 너무 좋아 진짜,1
내가 글을 쓴다고 무슨 효과가 있겠냐 그냥 뒷방에 쭈글이 팬일뿐인데 그래도 안타까워서 쓴다 안다 그들이 진짜 주닐을 좋아한다는 것을 그래서 쓴다 나야 어차피 팔로워도 얼마안돼니 다 떨어져 나가도,1
좋다 이제 이계정에서 트친들과 알콩달콩 엘소드 덕질을할것이다,1
아 이장면 개미 밟고 지나가는데 안 죽은 거 무하한때문에 안 닿은 거 보여주는거야 이런 섬세한 연출 좋다 원작엔 없었잖아,1
전신 좋다 승훈 김승훈,1
밤을 달리다 너무 좋다,1
메기도하면서 생방 들을 수 있고 좋다 유튭 프리미엄,1
모차르트 노래 좋아 좋은데 연주하기 너무 힘들어,1
잔달라가 참 몸이 좋긴 좋아,1
좋아 나중에 행해 노트북 쓸 수 있을 때 행해,1
다들 바다 사진 보고 좋아해줘서 기분 좋아,1
신사 숙녀 뭐가 좋아,1
심층 고백 현실의 겜창지엠이 좋다,1
거기에 폐쇄공포증까지 도지는거지 좁은 공간에 물이 차오른다 그러면 얘 진짜 울고불고 난리도 아니겠지 총상 입고 위험한 상황 처해도 포커페이스 절대로 흐트리지 않던 키드가 고작 좁은 공간에서 무릎까,1
챠비는 부드럽게 쓰다듬어주는 손길이 좋아,1
보여줘서 좋아,1
좋다 말았네,1
팬들이 수고했다니까 여러분도 수고 많으셨습니다 다들 열심히 살고있죠라고 얘기해주는게 보통사람들의 수고로움도 잘아는것 같아서 좋아,1
아 팀슨 서로 보면서 웃는 거 너무 보고 싶어 팀슨이 서로를 너무 좋아해서 아무것도 못숨기고 아무 생각도 하지 않고 눈 마주치기만 해도 웃는 게 좋아,1
성찬아 너의 피지컬 너무 좋다,1
세이렌안경 너무 좋아 예전에 파트너 상점에 검정테 떠서 잔뜩 샀음 하나는 이미 끼고 있음,1
뱅드림 카스미 너무 좋다,1
시노부 줄곧 양파쿵야처럼 속을 모르겟는 온화한 귀살대 충주의 얼굴이엇는데 도우마랑 마주치자마자 카나에 동생 시노부로 돌아가서 인상 확 바뀌는거 너무너무너무너무너무 좋아,1
나 츠바사 너무 좋아,1
어느 세계관에서 어느 썰을 풀든 조희주는 정재철 집에선 정재철 티 중 젤 오버핏인 거 하나 입고 돌아다닐 것 같아서 걍 그게 좀 남친셔츠 꺄 이런 느낌이 아니라 안정감 때문인 게 좋아 좋은 냄새도 나고,1
경예로 초연부터 소취했는데 드디어 등장할 때부터 뭐 너무나 왕자님이구 피예로 첫번째 의상 민우혁 이후 가장 어울림 춤선 예뻐서 춤출 때마다 너무 좋아 더 많이 췄으면 좋겟는데 아쉽,1
릴캠 너무 좋다 지금 거짓말 안 하고 번 본 듯,1
밤에 허둥지둥 적어서 다시보니까 말이 좀 예의 없어 보이네요 뚀님 너무 좋아 사랑해 로 정정하겠습니다 뚀님이 잇으셔서 나는 행복해 저 아름다운 얼굴을 보니 미소가 절로 지어지내요 아 너무좋아,1
이 대사 정말 좋아해 빛전과 빛전과 동일한 혼을 가진 이들은 이렇게 될 수 밖에 없는 영혼인게 좋아,1
리스포 오케스트라 버전 너무 좋다 엉엉엉 진짜 리스포 천 년의 설렘 버튼,1
좋아 쮸 사랑해,1
님이 올려서 간만에 후루룩 봣는데 역시 좋다 중간에 얼음계인데 동상 달고사는 후룽이 꾸준히 좋음,1
나 제노가 좋다,1
도영이는 이기는 게 젤 좋아,1
깅남길 작품 안에서 누군갈 껴안을때 천천히 약하게 껴안는게 너무 좋아,1
노래 넘 좋아 너 내게로 와라 옴므,1
너무 좋다 우쩌냐,1
일본 술과 음식 너무 좋다,1
전에 핏단 믹스 끼고 했었는데 대인가 대 때렸는데도 안죽었었어여 런구 재밌죠 런구가 평타로 때려서 구린 손맛이 있어요 색적도 좋구 그리구 혹,1
좋아 평화롭게 친하게 지내야지,1
오야고 좋아,1
사실 올빽도 존나 잘생기긴했는데 덮백진 기다리구있었어서 최성에서 갑자기 차선이 되어버리니 그러나 뭔들 이제 머리만 안세워주면 누난 다 좋아,1
평소 이런 냉미남 분이 슩영이 앞에서는 하염없이 온미남이 되는 게 그의 깊이 모를 다정함일까 보기 좋다 석순아,1
아 파워보컬과 감성보컬이라니 오늘도 새삼 좋다 두 보컬은 같은 파트를 불러도 공기의 흐름 자체를 달리 한다 성뉸 보컬은 구심점 하나 찍고 그곳으로 강렬하게 확 꽂히는 느낌이라면 쥬챈 보컬은 식빵에 버터 바르듯 종이에,1
준희 음색 진짜 쩔어 좋다 진짜,1
오늘의 공연 더픽션 자둘 컷콜때 눈물 터져서 흐엉 오늘도 극 너무 좋다 이러고 보고 있었는데 후반 시작으로 컷콜때 감정이 훅 올라오 가지구 그래서 좋은데 슬프고 극이 끝난 상태인 거 아쉽,1
모니터 할 때 단체로 대진지맨 되는 거 너무 좋아,1
좋다 인터넷 문학작품 어때,1
태일 본 다음날 무작정 걷기 너무 좋다 오늘 날씨까지 완벽해,1
핫 난 좋아 자기 사람만 아끼고 자기는 내사람들 배신 안 해야지 이정도만 있고 진짜 최악 폭력적인 일엔 꼭 불려나갔을 것 같으니 너무나 무뎌졌겠네요 이걸 어케 갱생시키냐,1
알베도 픽업 아 얘만 뽑고 돈 모은다 감우 픽업 아 얘만 뽑고 돈 모은다 소 픽업 아 얘만 뽑고 돈 모은다 각청 픽업 아 얘만 뽑고 돈 모은다 호두 픽업 아 얘만 뽑고 돈 모은다 벤티 복각 아 얘만 뽑고,1
노먼 흑화삘 날 때마다 엠마가 질서선으로 구원하는 거 너무 좋다,1
두 보컬 모두 하얗게 타 버린 이후라고 가정한다면 아 또 이렇게 다를 수가 성윤 목소리는 하얗게 퍼지는 연기 같고 주찬 목소리는 잔열 품은 채 바스라지는 하이얀 재 같다고 느꼈다 아 난 두 보컬 모두 끈적이지 않고,1
그래서 이번에도 합쳐 보았다 메보즈의 같은 파트 다른 느낌 와 따로 들으면 그렇게 다를 수가 없는데 목소리 붙여 놓으니 놀라울 정도로 하나가 되는 와중에도 미묘한 차이가 있음 약간 둘이 만나니까 나이테 빽빽한 나무,1
렌고쿠라는 캐릭터는 재능도 있지만 스스로가 피나게 노력해서 꽃피운게 너무 좋음 노력하는 천재라는게 너무 좋다,1
아악 호석이 윙크 손키스 놀라는거 인이어빼는거 달리는거 노래하는거 춤추는거 테이프 목에 걸린거 사라지는거 다 봐야한다 백개 적을 수 있는데 진짜 초점 눈치없게 나가버렷지만 춤추고 노래하는 행복한 호석이 너무,1
진짜 표정 너무너무 좋구 손 자기가 잡아서 대는것도 너무 좋아요 연출 다 좋아여 진짜 무슨 동화책 일러스트같아요 뒤에 별들도 너무 예쁘구요,1
하루죙일 이 노래만 들음 개 좋아,1
자켓 벗고 반팔 접는 거 너무 좋아,1
걍 인간 바이러스따위에 영향 받지 않게 뇌 데이터 다 컴퓨터로 옮겨서 노래방 기계에 시간동안 이식해줬다가 다시 원래 몸에다 심어줘야함 스바 통속의뇌라도 좋아 날 노래방에 보내줘,1
더블 데뷔전에도 유명인이라 프로듀서 처음에 좀 그런 사람인 줄 알고 쿄스케가 경계하는 묘사 좋아,1
북극해 공기 좋다 이지랄 해놓고 꽁초 바다로 던지고 진정한 환경파괴범임,1
마지막 뷔 의자까지 한바퀴 휘리릭 아미들 너무 너무 많아 좋다,1
그리고 오간이 어깨 아프다하면 골프 백해무익 운동이다 어깨에 안 좋다 팔꿈치도 아작난다 자기는 손목도 안 좋으면서 그걸 왜 치냐 치자고 꼬신 새끼 누구냐 잔소리 오지게 하면서도 실 실장님한테 배워둔 스포,1
콜라 몰라 사탕 사랑 욜로 홀로 솔로 자음 하나씩 다르고 이어지는 가사들이 너무 좋아 태그가 쓴 거여서 더 좋구,1
뭐 하고싶은만큼만 하고 그런건 자유고 좋아 좋은데 저딴짓 하나하나 누적돼서 결국 점 모자라게 된거라는 생각은 안하나 지들처럼 쫌쫌따리 하나하나로 염병하는 인간만 있는줄 아냐고 저지랄하면,1
아 이 연성 너무 좋아 글 잘 쓰신다,1
아 넘 좋다,1
오타쿠가 안좋아할수가없지 언제봐도 좋다,1
스트레이키즈의 잘하고 있어도 좋아,1
예쁘다는 소리 들으니까 좋아 죽겠지 아주,1
좋아 냠,1
다른 이들 앞에서는 그리스 로마 신화 처럼 그들의 인생을 송두리째 바꿀 정도로 전지전능한 신이였는데 오다의 앞에선 아무것도 이룰 수 없는 인간 자신의 욕망대로 움직인 짐승이 되는 비다자 너무 좋아 유일하게,1
찍었다는 그 마디 하나하나 올려두는거같을때 기분 좀 좋다,1
근데 이거 보면서 나도 페랄타처럼 상담사들은 다 싸이코야 아닌 거 압니다 아닌 거 알아요 꼭 뒤에 어 이러면서 봄,1
엠마가 얼굴로 욕하는 거 너무 좋다 여러번 나왔는데 얼굴로 욕하는 엠마 너무 좋아서 그냥 헤벌레 하고 넘어감,1
쭈꾸미 먹으러 나와서 기분 좋아,1
흑발 태민 좋다,1
날계란 좋아 잘먹음 소스처럼 찍어먹어도 맛잇어,1
하지만 백현이라면 뭔들 파마든 하얀머리든 다 좋아 사랑해,1
키르시블렌딩 노세범파우더 이거 짱이다 진짜 좋다 빈말 아니고 써본 파우더를 다 가져와도 얘만큼 입자가 고운애도 쓰기편한 패키지를 가진 애도 없음 진짜 짱이다 입자가 너무 고와서 엄청 소량으로 얼굴을 바를 수,1
혐생 마치고 겨우 보는데 이거 너무 좋다,1
어 좋다 야,1
아 나 요즘 밀발 이 너무 좋다,1
너무 좋다 죽고 싶다,1
이오업 언개 넘 좋다 어찌 그리 입맞추는 법을 잘 아냐니 다 네게 알려 주기 위함인 것이 아니겠는가,1
나 쥬거 지훈이 너무 좋아,1
인어 윤 좋아 억지로 다리를 만들어 올라온 후에도 변온동물인건 변하지 않아서 자꾸만 밤에 턔의 침대에 파고드는 전 인어,1
박지훈뭐야진짜 아 너무 좋아 아 미쳤어 목소리 하,1
호밀이 좋아 아님 버섯이 좋아,1
폭발형 중에서는 제일 좋아 그래도,1
날씨 너무 좋다,1
생각만해도 좋아 오빠와 함께라면 조금씩 예쁜 추억을 만들어갈게,1
케타 영통 팬싸 제이어스 노래 해 달라는줄 알고 부르던 승주니 퓨즈한테 받아보는것도 너무 좋다 말을 참 이쁘게 하는 승준이 고마워,1
여기 음색 너무너머넘 좋아,1
헉 두번째 아이디어 좋다 물결 너무이뻐,1
갇왙 바뀐노선도 좋아 미쳣다,1
헋 좋아,1
공룡이 좋아 토끼가 좋아,1
자주하는 말이지만 체리마호 집 생활감 넘쳐서 좀 좋아 믹서기로 가끔 야채나 과일 갈아먹고 아님 요리재료 갈고 그러겟지 냉장고 위에 왜인지 냄비 올라가있는 거나 보기 이쁜 것만 있는 게 아니라 진짜 쓰는 것들이 잇어서 좋다 근데,1
남편을 사랑하고 아들을 사랑하는 이 여성이 메갈수장이라니 너무 좋아,1
뭐 아 좋아 난 형이 좋아,1
렌고쿠 그장면 몇번을 봐도 잘배운놈 같음 생각 좆같이 하네 이렇게 말하는게 아니라 나랑 생각이 다르다고하는게 허어 서방님,1
무료티비 드라마 다시보기 날씨 환율 박 일 사랑을 싣고 가요무대 개는 훌륭하다,1
좋아 위 후보다,1
고맙다는 말은 듣기 좋아 그치만 가끔 그게 마지막 인사처럼 느껴져서 슬퍼져 고마우면 더 함께해줘 고맙다는 말은 안 해도 돼,1
사실 노란색보다 하늘색이 더 좋아,1
좋다 아가콩아,1
예쁜게 좋아,1
내 이상형은 말이지 한 쪽 팔에 타투 있고 흑발에 펌한 사람이야 사실 그냥 야한 사람이 좋아 섹트 일탈,1
허브가 좋아 석류가 좋아,1
이거 허리쓰는것도 좋은데 첨에 목 돌리고 고개 숙이고 잇을때 안보이는 얼굴이 좋다,1
창빈이안아본후기들 형은 안기 좋아 푹신푹신하잖아 형은 안고싶게 생겻어 그립감이 되게 좋아 꽉 차 잇어서 포근하고 따뜻,1
카이야 극락이다,1
그래 난 어글리슈즈가 좋아,1
비비기만 했는데 사정 그 상태로 넣어버리는 셋스 너무 좋다,1
이 방 풍경이 너무나 평화롭게 느껴져서 좋아,1
아 그거 그거 스티커 사진처럼 꾸며서 뽑아줰 쏘큩 어흑 백발이라 아 좋아 백발팡인 나가신다 아 너무 좋 다 사랑해,1
손을 발발 떨면서 찍었음 어떡해 엠씨 착장 너무 좋아 미친거같아너무 잘해 아 소리질러씨발,1
왕많으니까 왕기엽다 아니근데 약간 합성같애요 오 진자 넘 좋다 감사합미다 감사합미다,1
너무 좋아,1
대학생 노지욱이 너무 좋아 그냥 얼굴나이로 어째저째해서 노지욱 명예 대학생 시키면 안 될까,1
아 좋다 케이크 포크로 집어서 입에 쏙쏙 넣어주는 셀에닛띠,1
캐캐체 오프닝 일어판 이 노래 좋다 중독성 있네 캐캐체,1
진짜 연하남 연상녀 그자체라서 너무너무너무너무 좋다 미쳤다 진짜 개발린다 어떡해,1
좋아 당연하지,1
진짜 좋아,1
비타오백은 광고 모델 너무 잘뽑아서 좋아,1
아웃겨 그 와중에 머뭇거릴거같애 안 가니 사진 찍어가지고 오믄 사귀어줍니꺼 생각해볼겡,1
웃음만 짓고 지나감 밥별언니가 버질올려쥴때가 젤 좋다,1
안무 너무 좋아,1
다들 시미즈처럼 다정하면 얼마나 좋아,1
인간생을 정곡하는 포석 미제의 사변 직역하자면 재앙이라고도 할 수 있겠다 음 좋아 만족햇어,1
나 이 짤 세냐 기본 옷 입고 베로니카랑 있는거 한번도 못봤음,1
유시 파티 타임 지니어스 엔딩 저렇게 큰 애가 펄쩍 펄쩍 뛰면서 애들이랑 분위기 맞춰가지고 잘 노는 거 진짜 미치겠어 너무 귀여워 호라 이쿠데 하고 하이라이트에 유시 음성 들,1
리 최고의 행복을 누리시는 모습이 보기 좋다,1
오늘도 좋은 하루 산시 주말이라 그런지 평소보다도 훨씬 기분이 좋아 그대는 어때 잘 보내고 있어,1
그래서 님이 제 주접 좋아하잖아요 아니다,1
차유정도 대단함 나 같음 저기서 입틀막했겠지,1
어쩜 좋아 진짜,1
상처 분장 진짜 좋아 죽어,1
이오업 그림체 선이 가늘어서 좋다 유려한 느낌,1
키샤 성흔 아무래도 이마겠지 목도 좋아,1
파랑이 좋아,1
엠씨 잘 본다고 칭찬 받는 거 보니까 내가 다 기분 좋다 뿌듯해,1
쇼콜라 치스스틱 붐바스틱 판타스틱 발음 좋아,1
비가 와서 좋다,1
차가운 바람 하늘색 감각 황홀한 추락 영원의 순간 손 놓치면 안 돼 이 부분이 너무 좋아 배경도 안무도 가사도,1
치잌 치잌 아아 여기는 케익팀 아아 여기는 케익팀 다시만드는 케익이 나름 멋지다 치잌 치잌 기대해도 좋다 치잌 방탄생일상,1
극적인 만남에서의 담백한 인사가 좋다 다녀왔어 응 같은,1
이분 작풍 넘 좋아,1
되게 바다의 정령 같지 않나요 무심코 그냥 그 주위 놀러 온 이가 파도치는 거 보고 좋아하고 바다색 예쁘다고 좋아해서 귀여운 마음에 색도 더 예쁘게 보여 주고 지성이 발목까지 물로 덮칠 수 있게,1
윤기의 꿈이 꿈으로 남지않길 달려라 카페캠프통 남는건 사진과 받은 물건들과 다시 보니 기분이 좋다 지적인 갬성의 내슈키에게 귀여운 모자가 생겼땈 우리윤기 태어나줘서 울,1
나도 처음에 치히로 잡았는데 지금도 치히로가 제일 좋아 엉엉,1
넘옙부죠 저 예전에 시간날때마다 저기갓엉요 브금도 넘 좋구,1
음부에서 나오는 백탁액 정복감이랄까 뭐랄까 흘러내리는게 좋다,1
고죠 이성에게 성실할 것 같지 않다는 거 오히려 좋아,1
공원인데 버스킹 들으면서 앉아있어요 노래 좋다,1
내 트친들 다 자기 할 말에 집중하는거 보기 좋아,1
아 너무 좋아,1
황런쥔 귀걸이 한 거 너무너무 좋아,1
니네정말 좋다,1
옛날 만화같은 느낌 넘 좋아,1
중학생 애기들 앞에서 손 들어 보십시오 하는 거 운동 했던 사람 같고 좋다 하,1
하늘색 감각이라니 비문인데 또 이해는 가 수빈이같고 좋아,1
좋아 근데 뭐 레벨링하게,1
수단 오늘 날씨 좋네요 날씨 좋다 주말 귀여운 우리 재밋엉,1
우웅 형아 왜 하면 나 추워 형아 나 너무 추워 하면서 파고드는 거의 잡아먹듯이 끌어안았으면 좋겠다 윤의 체온에 턔의 몸에 오소소 소름이 돋으면 그걸 보면서 씨익 웃는것도 좋아,1
노력하는 사람들은 노력한 자기 일에 자신이 없을 수가 없어 그래서 런쥔이가 좋아,1
우리 트레저 메이커 뭐하고 있는가요 맛있는거 많이 먹고 가족들이랑 행복한 시간 보내고 있겠죠 좋아 좋아 내일부터 월요일이라 힘들 수도 있지만 서로 생각하면서 돌아오는 평일도 파이팅 해보아요 이,1
마지 카와이 이제 그냥 아이돌이라고 볼 수 밖에없다,1
뇌명극장 메이 계속 눈썹 쳐져있는거 너무너무 좋아,1
난 이때 머리가 너무 좋아,1
기범이의 인터 태민편 난 찾을거야 럽 어떤 사랑이요 더 아름다우우운 누구랑요 지독했던 너와 나 어떻게요 잊을 수 있느으으은,1
아 진짜 존나 꼴려 슬퍼서 울든 분에 차서 울든 기뻐서 울든 걍 내 앞에서 울어 줫음 좋겟어 눈물 주르륵 존나 흘려서 소매로 눈 닦는 것도 좋고 소리 내면서 고개 파묻히고 우는 것도 좋고 눈가 빨개진 상태로 입술 깨물고,1
일본여자의 여우같은면이 너무 좋아 교환유학왔던애들 다 귀여웠어,1
오늘 날씨 좋다,1
샌드위치 좋아 특히 바게트빵이면 더,1
아놔 반신수영복파 아됐고삼각파 나뉘는 거 모녜고요 안 그래도 큰 양반들이 자꾸 후자 해 사람 좋아 죽으라고,1
물고기 유닛 좋다,1
좋아 비율작살인 너가,1
초콜렛이 좋아 딸기가 좋아,1
나 이 짤 넘 좋아,1
고민거리가 삶의 원동력이 되어주는데 류의 인간인데 그걸 해소하고 나니 오히려 허전한 느낌의 도일이었다 그래도 잘하네 좋아 좋아,1
미코링은 불 전기속성 전기로 태워도 좋고 화끈하게 불질러도 좋다 약간 그 머야 그냥 화려하게 재로 만드는 타입이 어울림,1
좋다 조타 두미님 장사 좀 할 줄 아시네,1
사쿠라 뮤비 색감이랑 감성 일본독립영화같아서 너무 좋다,1
얘는 왠지 비를 좋아 하니까 말야 밖에서 비를 맞게 할 래,1
나는 아다치의 처음이 쿠로사와인점이 참 좋고 쿠로사와의 마지막이 아다치라는점이 참 좋아 둘다 처음이었다면 분명 서툴다 못해 결국 안좋은 이별이 있었을테고 둘다 마지막이라면 애초에 성립안되는게 많은데 서툰 한쪽,1
볼륨에서 선미가 읽은 마지막문자가 내문자라니 기분이좋군 이렇게라도 웃는거보니 좋다,1
추첨 크로스 스트랩 빅숄더백 큼직한 크기로 수납력이 짱짱 커서 넓은공간으로 활용도도 좋아 구매자 후기도 많은 가방이랍니다 밋밋하지 않게 정면에 교차된 엑스자 스트랩이 포인트를 더해 톡톡튀는 매력을,1
헉헉 겋겋걷헉 뭐야 어떡해 헐 너무 귀여워요 아 진짜 너무 좋다 아이고,1
인연의 성분은 그토록 구체적이지도 선명하지도 않은 것으로 묶여 있다 그래서 누군가가 좋아지면 왜 그러는지도 모르면서 저녁이 되면 어렵고 밤이 되면 저리고 그렇게 한 계절을 한 사람을 앓는 것이다 이병률 바람이 분다 당신이 좋다,1
너무 너무 갓썰이에요 백감초 진짜 좋아하는데 연성이 많이 보이진 않아서 보일 때마다 조용히 한 모금 한 잔 한 통 부어마시고 있어요 너무 좋다 복 받으세요 어찌 이런,1
매니저분 아주 화끈한 머리카락 색깔이시네욤 근데 진짜 안심이 된다 백도어 깜장색머리통보고 홀딱 반해서 흑발이 좋아,1
솜털 같이 부드런 그 목소리로 내 귓가에 달콤히 사랑한다고 말 해주면 너무 좋아 나도 니가 좋아,1
조승연 마지막에 살짝 웃는 거 좋다,1
디에이드 하루랑 이하이 한숨도 좋아,1
전슈 썸 타는 거 좋아,1
좋다 이남자,1
벨아 근데 운이 좋다 호샌님이 나 하나로 충분하시데 꺄 팔을 놔준다,1
좆본놈들 축제가 너무 눈부셔서 조선사람들은 아등바등하고 망해가는 나라에 절망하고있는게 존나 대비돼 십새끼들인게 너무 돋보여 연출이 참 잔인하게도 좋다,1
행자가 탐사 팟 처음 짤 때 종려랑 같이 다녀와 라는 말듣고 당황하는 소 두번째 탐사 땐 속성조합이 달라서 다른 캐릭터랑 지목 받았을때 살짝 기운 없어보이는 소도 좋당 티는 안나겠지만 행자는 눈,1
시우민과 안경의 조합 너무 좋다 안경쓰고 사진 찍을때 주로 하는 포즈인가봐 귀염둥이,1
정액제 있으니까 사이버 토템 세워두고 공부하고 안심되니까 좋다,1
연필의 매력을 이제 알았어 샤프보다 더 슥슥 잘 써져서 기분 좋아,1
날씨가 엄청 좋다 그만큼 오늘 모두들 외출 중이겠네 넷플릭스로 영화 한편 보고나면 저녁 준비 해야 하고 치우고 나면 하루가 끝이다 시간이 세월이 너무 맘에 안 든다,1
나 후도미네 중 애들이 너무 좋아 다들 카미안 봐줘,1
이거말고 이 더 좋아,1
아 진짜 아제 숳 안 마셔 진짜 안 마실 거임 아직도 속 안 좋아,1
찬짙 짐승처럼 숨소리 내는거 진짜 비지터가 인외라는거 확 와닿는 모먼트라 좋아,1
주연 좋아 자연스러웠어,1
갑자기 넷파하구 싶어 저랑 영화 볼래요 그냥 예능도 좋아 범바너를 아시나요 뭐든 좋아,1
캐시 캐시이 찌잉 자려고 했지만 오늘은 어디 끌려 나가니까 걍 안자고 그렸다 캐시 넘좋아 살천 애들 진짜 그냥 다 좋다 땅침,1
이런 거 너무 좋아 서울시민은 아니지만 잼써,1
수정하신 것도 너무 좋다 다들 읽어보시라구요 다 읽고나서 이 노래들도 들어주기 까만밤 솔루션스 오리온자리 전기뱀장어,1
지기애라고 우겼던 진정령도 까보니 감독님들의 캐해는 이렇게나 단호하게 사랑 이었던 걸 보면 산하령 역시 원작도 그렇고 감독님들이 배우들에게 사랑으로 어드바이스하셨겠지 정말 이 사회주의 지기애를 어쩌면 좋,1
제이어스가 부른 고백 처음 불렀던 년과 년 버전 붙여보기 같은 곡 부르는 거 들으니까 노래 는 게 더 잘 들려서 좋아,1
큐 꺄 좋아,1
약한계인할땐 나를 불러줘 언제든지 달려갈게 낮에도 좋아 밤에도 좋아 짜짜라짜라짜라쨘쨘쨘,1
마스터된 이번 앨범 쭉 듣는데 좋다 기대해도 좋아 진짜루,1
덮펌에 검은 셔츠 개인적으로 이 날 앤디 진짜 좋아,1
토우지 보고 싶어 날 흐릿한 주말 이른 오후에 나가서 자정 다 될 즈음에 돌아오는 토우지한테 묘하게 담배 냄새 날 것 같아서 너무 좋아 엉엉 울고 싶어,1
아버지가 있었던 적이 없이 없으니까 막역한 바램이나 그런 복잡미묘한 것들 갑자기 생각이 안남 안아주면 결국 참는다는데 훌쩍이는 소리 내면서 울 것 같고 같이 아만 꽉 안아줄듯요 아 갑자기,1
하원이가 너무 좋아,1
제법 숭해요 꺄악 데 숭한거 좋다,1
이유 없이 이 영상 속 도겸이가 너무 좋다,1
와 오늘 날씨 진짜 좋다,1
스티커가 나왔고 다이어리 하나 더살까 스티커 애기들이 커서 더욱 좋다,1
가식없어서 좋아,1
라이브버전 좋다,1
좋아 그걸로가자,1
일주일이라도 안 가니까 좋다,1
매즈 캠이 캠인지라 붉게 올라와있는게 너무 좋다,1
엥근데 공이두명이면그거죠 더센놈이까는거임 알파에도 우성알파 걍 알파 열성알파가잇듯이 공이랑 공이랑 만나서 한쪽이 깔리는것도 좋아,1
한 걸음씩 나아가는 인간관계 너무 좋다,1
난 다 좋아,1
짜 잘한다 어쩜 좋아,1
마일리지로 닼초 데려와서 우유하고 투탱 세워두니 마음이 평온하고 좋다 전선 유지하는 딴딴한 애 어깨로 적팀 전열 깨는 딴딴한 애 매즈기 가진 법사 그렇게 조용해진 애들 싹 정리해주는 딜러 훌륭한 힐러 완벽한데 아름답지 않냐고,1
하성운 털 잔뜩 날리고갔어 진짜 너무 좋다 하성운 하성운 어케 안사랑해,1
그냥 스킨십 되게 조심조심히 하는 모먼트가 너무 좋음 임이도 혈자리 키스신 천천히 조심히 한게 아으,1
청순미남 머리가 순조롭게 길어주고 있는 것 같아 좋아,1
부르마 좋아 섹트,1
히나타가 의외로 성인 될 때까지 흑백 세상에 사는 게 좋다 오이카와랑 브라질에서 재회하고서 세상이 바뀔 줄 알았는데 오이카와는 기억도 안 나는 어릴 때부터 이미 이와이즈미 때문에 컬러 세상에 살고 있는 그런,1
두산이 말투 좋다 아무렇지 않게 툭툭 던지는데 그 내용이 다 좋은 말 긍정적인 말만 해주고 상대를 아끼고 사랑하고 있다는걸 거르지 않고 바로 표현해주니까 너무 좋아,1
매번하는 말이지만 요한은 껴 입어도 몸 탄탄한거 티나는데 로드는 말라서 옷 빨 잘 받는 거 넘 좋다 보통 이런 제복은 앵간히 몸선 예쁘지 않는 이상 어울리기 힘들다고요,1
백발 좋다,1
태영아태영아태영아 왜 울어 태영이가 넘 좋아서,1
아 이새벽 성우님 진짜 상큼발랄하다 너무 좋다,1
노란 병아리 옷 입었는데 좋다,1
헐 좋아 나랑 평생가족해,1
허어 지나친 관심이신데 왜 매번 말씀 하시잖습니까 당신을 찾고 원하는 쿠키는 많다고 그들을 찾아가서 그 말 한다면 좋아 죽을텐데요,1
연예인 남자친구 동그라미 건수녕님은 세븐틴 도겸 시발 존나 좋아,1
재재가 티비에 나와요 너 좋아,1
좋아 귀여워 걍 님 프사때문인지 나비도 혼자집에서그러고잇을거같애서,1
전 탐폰 써봤었는데 좋긴 좋더라구요 온천여행때 이용해봤는데 좋아,1
따흐흑 샤크스 넘 좋아,1
포도남매 이러니저러니해도 가족이라 서로 아끼는거 좋아 현실에는 없는오빠 뱀파맛,1
둘이 어릴 적하고 지금하고 비교해보면 머리 깨고 싶어져 란 어릴적 엄마 좋아 형 좋아 친구 좋아 나 투사 되고싶어 지금 셀프 죄와 벌 이젠 인간이라 부를 수도 없잖아요 마루나 어릴적 엄마 나 동생 생겼,1
연예인 남자친구 동그라미 건수녕님은 세븐틴 호시 이것도 존나 좋아 시발,1
와 오늘 날씨 좋다,1
우쭐해진 연하가 중계할 때 자기 싸우는 거 볼 수 있을 거라면서 그러니까 꼭 생중계 보면서 응원하겠다구 어 아주 닭살 난리 났음 제자 없는 사람 서러워서 살겠냐며 길드원 하나가 삐죽거리니까 연하,1
네네네 기유 잠 은근 많을 거 같아서 그래서 탄지로가 매번 기유상 깨우러와주잖아요 아니 귀갑이라니 언제 그런 앙 큼한 생각을 귀갑묶기는 또 빠르게 샤삭해버릴 것 같아요 아 좋다,1
좋았어 구칠이도 블룸블룸 들어 오늘 날씨 진짜 좋아 좀 더울 정도,1
정우 여울이 웃음 너무 좋아,1
그건 맞아요,1
쎄마넴 의상 안좋아하는데 민기만큼은 또 존나 잘받아서 좋아 민기는 안어울리는게 힘든 몸이긴 하지만,1
정말 눔물이 납니다 손시렵다니까 장갑 만들어야 된다고 후딱 여우 잡아오고 해산하고는 몸조리에 가물치가 딱이라고 맨손 낚시로 잡아오는 새색시 나중엔 사내인거 원래 알고 있으니 그,1
뽁이 별가루 진짜 너무 좋아,1
헉 너무 좋아 여아가 조으세요 남아가 좋으세요 머리통 들고오기 저 절할래요 너무 좋아 힐렌님 즈기여 장난이에여,1
이 이벤트를 좋아 하시길 바랍니다 좋아하는 선택 곧 우승자를 발표하고 싶습니다 이 행사에 만족 하시길 바랍니다 참여수 저조시 삭제 배송비도 제가 부담해요,1
이거,1
큥콘 플립북 너무 좋다 움직이는 백현이 만들기 영상 역방향으로 돌린것,1
오늘은 무슨 일이 있었어요 기분 좋아 보여요,1
나 인기가요 무대 보고 성찬이 버블 결제했는데 인가 엠씨 디데이 세는 사람 됐음 뭐든 어때 좋다,1
우앙 좋다,1
진짜 같은 성우인 거 심장 떨린다 너무 좋다,1
아 이거 브금 너무 좋아,1
무뚝뚝 쓰레기 이서 안절부절 다정공으로 바뀌는거 세상 좋다,1
뎁앰 귀여워 어떡하면 좋아 짐승 데비,1
그와중에 허브 꽃이 아름답게 폈어요 너무 웃긴데 또 너무 좋아,1
지기애라고 우겼던 진정령도 까보니 감독님들의 캐해는 이렇게나 단호하게 사랑 이었던 걸 보면 산하령 역시 원작도 그렇고 감독님들이 배우들에게 사랑으로 어드바이스하셨겠지 정말 이 사회주의 지기애를 어쩌면 좋아 어흑흑,1
이거 너무욱기고 좋아,1
밀크티 티맛 존 나 쎈거 좋아 좀 씁쓸한정도의,1
이거 진짜 진심으로 좋아해,1
두번째 가게 가서도 보고 사는 인형이 고양이와 나무늘보 그리고 퍼그랑 고슴도치 중에 고르더니 고슴도치를 구매한거 넘 좋아 평소에도 인테리어나 소품 관심있다더니 이런데서 다 나타나고 보이고 멤버들마저 워누 취향이라고 하는거,1
경민플레이어 목소리 짱짱해서 너무 좋아 오늘 변호사도 좋았음,1
아 남자가 너무 좋아 외출함 아 남자가 너무 싫어,1
아 귀여워 간장게장 쬽 하고 맛있어서 으음 으음 하더니 밥 한 큰 술 우와아아앙 넣어 내가 누구 밥 먹는 모습 보고 이렇게 행복하다니이 심장 아플 정도로 좋아 귀여워 많이 드세용,1
자랑하는거 좋다 이거야 근데 본인을 높이려고 남이 하는걸 낮춰보지 마라는거임,1
성찬이는 이름도 어쩜 성찬이니 무슨 광고를 해도 광고 문구 쓰기 딱 좋아,1
투하팸은 가족 같아서 좋다 어서오자,1
오우 오늘 심판진 좋다,1
성찬이가 좋다 밤비가 좋다,1
지금부터 영원하다는 말도 좋아 영원이란 마음가짐이 흔들릴 때마다 지금부터 영원할 거라 다짐하면 되잖아 마치 작심삼일도 일에 한 번씩 하면 되는 것처럼,1
아 자랑스러워해도 좋다 짬가마,1
요때 얼굴 너무 좋다,1
케이아가 술 마시고 한껏 들떠서 술 더 마시려니까 다이루크가 술병 채가는거 넘 좋다 케이아가 왜 그래 도련님 하는데 로자리아랑 다이루크 둘 다 고개 절레절레해서 쓴웃음짓는 케이아 적당히 마시고 집에 돌아,1
그냥 사람 자체가 좋으면 안 착해도 좋아 알아 이건 그냥 내가 잠깐 투정부렸어 그냥 네 옆에 있게 해줘 귀찮게 안 굴고 해달라는 거 해줄게,1
혼자 지내다보면 과일이나 채소를 섭취하는 데에 소홀해지기 쉽지 그러니 의식적으로 챙길 필요가 있다 하하 어떤 과일을 좋아하지 알려준다면 기억해두겠다 전 이 가 좋아요 난 이 가 좋아 의 형식으로 답변 가능,1
피부 좋다,1
퍼블릭 진짜 너무 좋다,1
산책 넘버만 알고 나머지 넘버는 제대로 안 들어봤었는데 넘버가 다 너무 좋아 근데 멜로디만 좋은 게 아니라 가사가 또 너무 예뻐,1
진선조 동란편 보고왔는데 진짜 그냥 너무 좋다 이 갖장르를 왜 버리고있었지,1
와 지금 뜬다고 일단 좋아,1
오늘 연쿠란보 각인데 좋아,1
그그 좋을때 염병이라구하자나 우리 둘 너무 보기 좋다 그 말이야,1
오늘의 맠동 오랜만에 보니 더 좋다,1
이거 너무 좋아 흐흑 흑흑 근데 스티커 너무 예쁘고 아까워서 어떻게 쓰죠 소듕,1
아아아앍 나 진짜 이 컷 너무 좋아,1
오늘 여심리사 떡밥 풍년이다 이건 저번에 그 놀이동산 떡밥이네 뭐든 다 좋아 그냥 고마워요 올려주신 분들 양쯔 정백연 여심리사,1
날씨가 좋다 상연아,1
기뻐해줘서 내가 더 행복해 정말 더 좋은 거 해주고 싶은데 나중에 돈 더 많이 벌면 다 해줄게 나두 스릉행 드디어 이번주얌 조금만 더 기다리자 알게찌 아주 그냥 올나잇 데이트여 그리고 난 변태라도 좋아 무 야호,1
건강운 왤케 좋아 오하아사 넌 구라쟁이애,1
너무 졸라 좋아,1
빈첸 신곡 진짜 개 좋다 앨범 사야지,1
진짜 너무너무 좋다 기계음 섞인 와중에도 악센트 느껴지는 목소리 할때 진짜너무좋음,1
극소네 너무 호랭이 같아서 좋아 흑흑,1
청시엘은 시엘이 유혹하면 청이 하고 알아채 주는 게 좋고 셀클은 가만히 있는 클라모르 보고 셀레 혼자 하는 게 좋다,1
뱀파가 좋아 우유가 조와,1
조빱악당 조아하는 내가 환장하는 표정 넘 좋아 어케 그리는 것까지 재밋지 내사랑 조무래기들 내가 아껴,1
하 진짜 너무 좋다 헤헤헤 에이타로 또 친구사겨갈거야 렌 우리 친구다 벌써,1
여유로운거 너무 좋아,1
한 번에 잡아당기는것도 좋고 하나씩 힘줘서 빼는것도 좋아 착용감 이 좋아서 종종 애용할듯 초대남 체대생 군인 네토 운동하는남자 특전사 오프녀,1
웃을수없다,1
니가 좋아 정말 못 견딜 만큼,1
타코야키는 따뜻한 성질이지 건강에 좋아 타코야키 트럭을 찾아 여행을 떠날거야,1
패션에 진심인 이부키 뭐야 웃기구 좋아,1
나 왜 지금 본 것 아앙 아키님 넘 좋아 저 비좁은 우산 안에서 어깨 챱 붙이고 걸어갈 엘밐을 생각하니까 하앙,1
후 뮐러 복귀까지 얼매나 기다렸는지 물론 레비보다 기다렸을까싶지마는 그래도 뛰는 모습 봐서 좋아,1
오늘 의상 너무 좋다 거기에 깐유진 말해뭐해 끝장남,1
생명이란 살고 싶어하는게 섭리일지도 모르지만 생명은 언젠간 끝난다는 것도 세상의 섭리인걸요 언젠가 끝날 생명을 제가 가장 좋다 생각하는 순간에 바치고 싶은 건 당연하지 않겠나요,1
원래 반장이 가장 또라이같아야 반 분위기가 좋아,1
우쭐해진 연하가 중계할 때 자기 싸우는 거 볼 수 있을 거라면서 그러니까 꼭 생중계 보면서 응원하겠다구 어 아주 닭살 난리 났음 제자 없는 사람 서러워서 살겠냐며 길드원 하나가 삐죽거리니까 연하 아주,1
헐렁한 유카타 위에 화려한 다른 유카타 칸타야 너무 좋다,1
난 호시 이런 자신감 넘치는 모습이 너무 좋아 만세 첫방 안무할 때 사람들 눈 커지는 거 보면서 다 죽었쓰 라는 생각으로 무대 하고 자기 자신에게 소름 돋았대 근데 너무 잘 해서 보는 사람도 같이 소름 돋,1
좋아 연락은 가능해,1
햇볕쬐니까 기분이 나아지고 날씨 좋다,1
여러분 오늘은요 살짝 스트리트 패션 느낌이에요 전 엄청 맘에 드는데 어때요 좋아 좋아 그죠 요시,1
지금 일 때문에 르네상스 그림들 뒤지고 있는데 몸이 너무 예뻐 세상에 너무 행복한데 하 조각들도 너무 변태같고 좋아 특히 거의 반 벗고 있는 인간들 태반이라 졸라 예술인데요,1
다자이의 개싸패 모먼트도 좋아하지만 츄야가 정신 나가서 싸패짓할때 츳코미 걸어서 돌아오게 하는 다자이도 좋아,1
으흐흑 너무 좋아 얘들아 하트 수집해 엑스알 정화해,1
나 찾으러 왔어 됐다가 나중엔 당연해서 안 물어보고 너무 좋다 이거임 나도 걍 아 그 어 선배 저번에 생일이었다고 그래서 늦었지만 하고 간식 안겨줄듯 이게 뭐야 얼굴로 안에 들여다보고 또 그 사,1
쳌메에서 사로잡아 파트 때 손 크고 무게감 있는 거 잘 보여서 좋아,1
윤하 영어트윗 너무 좋다 글로벌 가수 윤하,1
신령님들과 다이치 좋다 우시지마 테루시마 쿠로오 우카이 신령으로 다이치의 원픽은 누굴까 쟁탈전 오지게 할 거 같은디,1
하 넘 좋아,1
네 저 기분 좋아 보였어요 자기가 웃고 있었다는 사실을 모르고 있다,1
최애와 차애 둘 넘 행복해 수민이가 가운데 있는것두 약간 첫째미 있는것겉아서 넘 좋구 또 엄 그냥 조음,1
반사회성 성격장애를 가진 이수혁 와 너무 좋다 교육과 스스로의 공부를 통해서 희생이라는 것만이 선이라고 공부한 거면 좋겠다 그러다가 김록수랑 최정수 만나서 천천히 본능도 풀리고 뭐가 선인지에 대해서 알아가면 좋겠다 낑깡,1
좋아 제자로 받아주지,1
뭔가 이수혁은 광공이 절대로 안도리것 같은 느낌이랄까 근데 그런 사람이 광공이 된다 와 너무 좋다 김록수 한정 자신의 모든 걸 보여주는 광공 이수혁,1
따뜻한게 좋아,1
너의 의미 가 산울림 노래였구나 원곡 진짜 좋다 곱창전골이랑 장기하가 산울림 영향을 받아서 산울림 노래 듣는 중,1
신혼여행 허리케인에서 드레스 다 찢어져라 싸우는 봉미선씨가 좋아,1
파판 원화집 찾아봐야지 창천때 특히 너무 좋아,1
뭐가 좋아,1
나도 좋아 유진아,1
너무 좋다,1
근데 영상 진짜 퀄리티 좋다,1
골든차일드 네가 너무 좋아,1
마크버블 마크야 왜케 말을 예쁘게 해 버블 보고 바로 창문 열였다 오늘 날씨 너무 좋아 바람 솔솔 배경은 그냥 날씨 좋아서 예전에 찍은 사진,1
마케팅 전략 좋다 웃기고 정겹네,1
비긴어게인 버젼 도 좋아,1
오 좋아 좋아,1
이건 봐도봐도 좋다 기타치는 승구,1
흑흑 드디어 드디어 를 다들 쓰러져있는거 좋다 힣,1
하아 약간 소연이 같은 애들이 머리 써서 그러는게 난 너무 좋아,1
관리하는 에멧 좋아,1
일하기 싫어서 화장실로 피신 옴 문제는 여기가 남초라서 여자 화장실 청결이 안 좋아,1
성분이 함유된 부분이 너무 좋다 마녀들이 쿠키 레시피 적어놨다가 애긔 쿠키 빚어주는건가,1
아니 이유는 정확히 모르겠는데 라디오 들었어요 하는 목소리 좋다 하고 보고있다가 트로피 보여준다고 누워있다가 일어나는 거 왜케 좋지,1
석류 너무 좋다 하악,1
좋아 올백맞고 갈길게 홍홍홍,1
한지 코스튬 중에 밴드 기타리스트 한지가 제일 좋아,1
쇼군 이렇게 앉는거 좋아,1
이날 브이앱 좋아 은서가 화면 볼 때마다 옆선이 너무 잘생겨서 그래서 샤근샤근 추팔 브이앱 탄은 언제쯤,1
헐 좋다 기대할게,1
완전 좋아 부자 부자,1
단발 좋아 죽을 뻔 했는데 긴머 좋아서 죽어 버렸당,1
헐 이거 좋다,1
아다치 맛있게 잘 먹어서 좋아 체리마호,1
도운아 좋아해 너의 팔근육이 좋아,1
난 돈이 좋아 진짜 표정묘사가 너무 너무 좋아 진짜 자잘한거라도 좋음 부드러운 묘사 아 아악 김카이 더 힘들어 해 멘탈 후루룩 해 줘,1
한예리 엘르 사적대화 인터뷰 너무 좋다 저만 뒤처지는 기분이에요 발 밑을 보면서 천천히 잘 딛는 연습을 하는 것도 좋은 것 같아요 그 하루를 잘 딛으려고 하고 한 발을 잘 딛으려고 하다보면 언젠가 제가 원,1
존나 미친 거 아닌가 요시코 저 쎄한 표정 너무 좋아,1
아 미쳣아바 진자 좋다,1
블로그에 꾸준히 쓰는 거 좋다 기록용으로는 확실히 블로그 만한 게 없어,1
좋다 함만 망해줘 그 잘생긴 권태로운 표정이 일그러지는게 보고싶어,1
안 좋아 미친 새끼야 너 이상성욕 없다며 거짓말을 아주 밥 먹듯이 해,1
당신이 좋아,1
기절비명 이 때 너무 좋아 법도에 안맞다면서 냅다 천천이라고 부르는 야화,1
황이 윶한테 진심인게 너무 좋아,1
런쥔씨 요즘 잘 지내시나요 잘 지내요 네 이런 게 좋아,1
정셩찭 목소리도 존나 이쁨 존나 좋아,1
오늘 하루종일 기분이 안 좋아,1
비는 시간에 고죠 방에서 만화책 잡지 보고 뒹굴면서 여유롭게 보낼 때가 좋아 정적인 분위기에 들려오는 풀벌레 소리라던가,1
아니 봉마담 목소리 너무 좋다,1
이 귀요미한테 어떻게 서사 가득한 목소리가 나오는지 너무 좋아,1
카모마일여진착장 넘 좋아,1
이거 너무 좋아,1
겸이 힘센거 진짜 좋아,1
모리블 넘 좋아 진짜,1
알티 썸네일부터 숨멎 너무 잘생겼잖아 단정한 토미도 너무 좋아,1
아 너무 좋다 은채 언니 정말 분위기 천재,1
내가 도와주고 싶따 옆에서 이렇게 보니까 그렇지 웅 지민이 저음으로 말하는거 너무 좋아,1
이민혁 핑크 너무 좋아,1
성당인줄 알았네 오른손에 성경책 들었을 것 같고 미사보러 가서 백천 만나라 약간 반항 기질 다분한 사음이 만난 것도 좋고 뭐든 좋아,1
의상 바뀐 것도 너무 좋아,1
스스로 누굴 의심하고 있는지 알고 있긴 하나 해서요 누구든 의심해야죠 그게 내 직업이니까 경찰이란건 되게 슬프네요 그렇게 하나같이 다 의심해야 되고 황량 냉철 예민 등등만 보다가 갑자기 스리슬쩍 들어오는 온기 좋다 늘 어,1
내 인생 휘낭셰는 쇼코가 온리 원 이지만 현재 휴업중이셔서 그치만 여긴 여기만의 스타일이 있어서 좋아 내 친군 가 더 좋다고 함 겉빠작이 스탈이라,1
중앙속공 좋다,1
오늘 날씨 좀 춥긴 하지만 진 짜 좋다,1
분장이란 무엇인가 사람이 저렇게 바뀔 수 있을까 그러면서도 여전한 눈썹이 좋다,1
정국이가 쓴 병 브릿지 진짜 좋다 호비가 짜놓은 곡의 전개에 자연스럽게 스며드는 도입부 지나서 본인 색깔로 임팩트 있게 한방 때리는 전정국 들을수록 짜릿하고 좋아 원곡에 붙여봐도 이질감 전혀,1
어필 너무 좋다,1
그래그래 너와 나 부분의 비트와 플로우 조합이 너무 좋다 우주님 배캉님 귀호강 시켜주셔서 정말 감사합니다,1
나 김희진이 너무 좋아 어떡하지 저 배구천재를,1
이태원 보니스피자펍 철이 없었죠 피자가 좋아 화창한 일요일 점심에 이태원을 간 자체가 오랜만에 부자피자 가고 싶었는데 웨이팅 때문에 쿨하게 포기하고 간 보니스피자펍 서울의 이재모 이태원의 자랑,1
스탠드업 진짜 좋다,1
어셔 절대 안 보여주겠지만요 아주 가끔 애기 생일이라던가 그걸또기억하고있음 하는 날 데려가서 한 번 보여줄 것 같죠 근데 이것도 꾸준히 잘 해왔을 때의 얘기임 귀엽다,1
눈치없는 김래빈이 좋아 김래빈 최고,1
우아악 이걸 보다니 쿠 큐 그래도 음음 어음 뽀뽀 해준곤 좋다 희릐쿠큐큐 아 부끄러워,1
엄마 나 김희진이 좋아 안다고,1
좋아 짱비케 잘 하고 았어,1
어 갑자기 기분 좋다 세상이 나를 사랑하는 것 같다능,1
출처 와 이게 얼마만에 듣는거야 너무 좋아,1
좋아 우리톡디 없지,1
히마리랑 하구미랑 오타에 친하게 지내는 모습 좋아 셋이 믹스벤 나온거 진짜 많은거같은데,1
미안 내가 기억력이 안 좋아 한두 마디 해서는 이름을 못 외운다,1
미친 나 진짜 하이조에피 존나 좋아,1
너무 좋아 진짜 어쩜 좋아,1
멀린 맨날 지 자랑 하다가 된통 당해서 그렇지 머리 굴리는게 속도 빠르다는게 미치듯이 좋아,1
이 날 핑크 티셔츠 입은거도 좋아 백금발이랑 잘어울려잉,1
근데 난 무잔탄도 좋은게 최강의적은 한끗차이로 최강의 아군이거든 오니탄 자기 성에 가둬놓고 뭐든지 해주는 무잔이 좋아 더 이상 무서워하지않고 귀걸이 만지작거리는 무잔이랑 이게 예쁜가 고민하는 탄지로 태양을 얻었지 빛을 잃은 태양이지만,1
라떼맛이랑 슈크림맛 너무 좋아,1
난 쫌 망충한 공이 좋아,1
네 도장꽝꽝,1
우앙 강화레이저 트포 찍으면 레이저 개쎄보이는거 좋다,1
좋아 이따 저녁에 놀자꾸나 쪽,1
화음쌓는 김기범 너무 좋다 어뜩하냐,1
느어어엉 뭐야여 아련아련 조아하구연 아련인진 모르겠지만 여튼 다친거 말안하고 있는거 너모 좋구 뱀파 좋구,1
아니 근데 스쿠알로 청혼법 드라이하게 무쿠로 풀네임 부르면서 평생 데리고 있어도 좋다 약지반지 껴주면 좋겠다 무쿠로 손 쏙 빼내곤 거리두기,1
시뇨리나가 원한다면 얼마든지 더 해줄게,1
때 좋았던거 고 부터 터치까지 무대 하느라 컨셉 다 뒤섞여있는거 좋아 손가락에 형광 테이핑이랑 하네스 하고 터치 보스 무대까지 섰던날 이런 무대에서만 볼 수 있는 것들,1
저는좋아요 계연 사랑 아 좋아,1
타이탄 이 방어구 털이 너무 좋아 부숭탄 최고,1
지금 아니면 못 보는 신인의 모습 너무 좋다,1
좋아 나중에 입혀볼게,1
근데 사실 진짜 열렬한 사랑을 한다기보다는 가늘고 긴 사랑을 한다는 점이 혹은 자각하지 못하는 무채색의 사랑을 계속 이어간다는 점이 좋아,1
피요님 그림 좋다,1
또 컴백해서 이리 만나니까 좋다 그죠잉 노래 어때요 여러분 진짜 진짜 모두의 행복을 원하는 마음을 담았으니까 올 한해는 꼭 우리 모두 행복해집쉬다 곧 무대로 만나요,1
혀 내밀며 사진찍는건 좋아,1
당직야근근무중인데 꼬마환자 부모님께서 도너스를 다스나 사다 주셨다 할일 한거고 의료진으로서 청렴하게 살아야 하는데 거절을 못했다 아니 안했다 이런 선물 너무 좋다 야무지게 나눠먹고 더 열심이 일하자,1
뭔가 이상하다 했더니만 너 눈썰미 좋다,1
와이셔츠 풀어헤치고 스탠드업 부르는 남자들 좋다,1
캐릭터픽창 좋다,1
넘 좋아,1
망무 같이 걸을 때 자세 너무 좋아 위무선 피리도 돌리고 막 몸 돌려서 망기도 보고 그러는데 남망기는 딱 정자세로 걷는거 너무 좋아에,1
이상연 생각 안한다면서 진짜 안하고싶다,1
하이죠 에피만 다른장르 같지 않나 청게물 찍고있음 흥 좋아,1
파랑 좋아,1
옛날에는 현실에 없는 상상의 이야기가 좋아서 판타지 책 많이 읽었는데 지금은 직업 때문에도 그렇지만 현실적인 이야기가 좋아졌다 에세이나 소설이라도 현실이 반영된 게 좋아 요즘 젊은 여성 작가 소설 동향도 그,1
고죠후시 정색하는 고죠가 좋아,1
이 여성 지금 기분이 넘 좋아,1
아니 얘네 하는 꼴이 약간 글 속에 숨은 마음까지 알아차리시는 데에 어쩌구 그거라구요 엉엉 해진쌤도 글만으로 우린 사랑하네 결혼할거네 어쩌네 하더니 여기도 서로를 알아봐주는 우리 하면서 그거 하고 있자나요,1
하 포타 이게 메이저인가봐 나 너무 좋아,1
그러고보면 드라마에선 아리가 검은옷을 입지 않았는데 영화는 둘이 커플룩이야,1
목 쪽 완전 꽉꽉 껴입엇다구 춥지 말라고 염려도 잘 먹어 완전 좋아,1
오늘 옷 너무 좋아,1
이날의 모든 것이 좋다 푸른 하늘 수려한 동작 찰랑이는 옷소매 청아한 분위기,1
헐 좋다 디비디 들고가서 단체 관람하자,1
신인의 묘한 뚝딱스러움이 너무 좋다 평생 신인해줘,1
우마무스메그림이 많이 올라와서 너무 좋아,1
사랑하는 도영아 언제나 너만의 길을 계속 걸어나가줘 항상 따스한 너의 진심을 받아 나 또한 너에게 향할 높은 온도의 사랑을 아끼지않을게 너를 향한 시선은 언제나 따뜻할 것을 약속할게 무얼 한다고해도 믿고,1
하 진짜 승협 오빠가 너무 좋다 나 진짜,1
아 원래랑 비교하니까 더 좋아,1
아근데 여기 티존 광나는 거 좀 좋다 그게 개기름일지라도,1
형워니 드롭링 넘 좋아,1
말로는 아니 이게 뭔 일이야 하면서도 머리 잽싸게 굴려서 뭔 일인지 가장 빠르게 파악하는 멀린이 좋다,1
헉 넘 좋다 거기에 이제 약간으 테크웨어를 곁들인 카로스 날개 땜시 민소매 입고 그 위에 로브 같은 거 걸친다던가 그래두 조을 거 같애요,1
어떡해 유기현이 너무 좋아,1
일단 극 초반이랑 중간에 배우님들 대화하는거 너무 좋다 첫번째는 태일에 대한 이야기 두번째는 원동력에 대한 이야기,1
자켓 칼라풀로 입어서 넘 좋다 정전된것보다 훨신 조아,1
오늘 의상 넘 좋다,1
진짜 착하고천사같고다정한 앤캐가 한번씩 빡치거나 그런모습 보여준다 존나머리깸 나진짜움 진짜 오열햇음 전적잇,1
커피 좋아,1
이제 글라스들도 만들고싶은데,1
진짜 어떡함나 정성찬 보고싶어서 압구정 노숙할정도로 너무 좋아 진짜 악악악악악,1
천사님 너무 좋다,1
흐흑 유진이 너무 귀엽다 너무 좋아 그리고 엠씨 첫날 안같아 너무 잘해 라고 쓰고있었는데 방금 프메에서 예나랑 채원이랑 어제 밤에 같이 대본연습했다고,1
와 오늘 셋리 하나씩 듣는데 포디카 진짜 노래 다 너무 좋다 어떠케 이거 이제 쌩귀로 듣는거야,1
단발 좋아 죽을뻔했는데 긴머 좋아서 죽어버렸당,1
난 호시 이런 자신감 넘치는 모습이 너무 좋아 만세 첫방 안무할 때 사람들 눈 커지는 거 보면서 다 죽었쓰 라는 생각으로 무대 하고 자기 자신에게 소름 돋았대 근데 너무 잘 해서 보는 사람도 같이 소름 돋게 만듦,1
날씨 정말 좋다,1
꽃 좋아해요 그래서 당신이 좋아 조민기 나는 밤마다 당신을 울렸다,1
폰섹 할사람 고고 사진이나 영상 주시면 감사 속옷패티시 스타킹 패티시있어 사진 투척도 좋아,1
나 얘네 넷 너무 좋아,1
현대문학에서 언덕보고 젖가슴 하는 감성에서 안 벗어난거 같은데 하 난 몽정에 대해서 어떤 자연의 신비도 느끼지 못하는데 반대성별에선 무슨 일이 벌어지는 중인거임 몽정하면 건강에,1
뜬금인데 작은 아씨들 영화에서 자매들 중 이미 결혼한 사람은 메그뿐인데 남편이 수입이 적어서 힘들고 본인도 집안일이 낯설어서 괴로워하는데 이걸 꼭 메그가 가난한 남자하고 결혼을 해서 고통받는 거란 식으로 묘사하진 않았던 것 같아서 좋아,1
애들 스케 하나하나 뜰 때마다 매번 설레게 좋다,1
너무 좋다 정말 최고의 선배,1
아 좋다,1
저 선생님 대사 너무 좋아,1
어캄 존나 좋아,1
아니 진짜 고깃집이라는게 눈 텨나올정도로 좋다,1
언제들어도 개띵곡 갠적으로는 앨범버젼보다 뮤비버젼이 더 좋아 브릿지 뒤에 뭔가 더 웅장함,1
시 키 목소리 너무 좋아,1
반가워요 지니가요 헣 너무 좋다 유지나,1
나는 정말 본진 글이 너무 좋아 진지하고 귀엽고 센스있고,1
하지만 옛날과 지금의 공통점 일하기 싫다 노는 게 제일 좋아,1
뉴미 우나님 미스타 정장 그려준대 우나 뉴미가 그려준다구 알앗어 뉴미 앗 아니 우나 우나우나님이 우나 아 뉴미가 그려주는구나 좋아 기대할게 꼭 태그해줘 뉴미 우나 우나님이 무한릴레이,1
담주는 온클 하 너무 좋아,1
아니 진짜 너무 청량한데 너무 좋다 진짜 첫 얼굴은 너였다 잊지 않게 해주네,1
만두 좋아,1
톤이 너무 좋다 유진아,1
옛날엔 악성향의 인물이 멋져보였는데 지금은 그냥 선성향의 인물이 너무나도 좋아,1
너는 웃으며 내게 말 했지 아주 한밤중에도 깨어있고 싶어 우휴 함춘호 님과 장필순 님 참 좋다,1
원래 완깐 그리 좋아하지 않는데 동하니 완깐은 너무 좋아,1
이러니저러니해도 본편의 구루구루하는 사야카 너무 좋다,1
볼하트도 모르던 아기가 이러는 게 걍 눈물이 나는거지 응응,1
베리두번 노래 좋다,1
기분좋아서 걍 다 포장해옴 아 넘 신난다 좋다,1
그치만 나와서 좋아,1
명절때 사촌 애기가 어그로 다 끌어준 썰 볼때마다 귀여워서 좋아,1
난 솔직히 신센구미 소속이 좋아 사이토하지메 이름이 좋은데 키류는 사카료마가 더 좋은갑네 여튼 쵼마게 다이고와 만났슴니다,1
너와의 어색한 침묵이 차라리 좋아 로제 블랙핑크 로제,1
숏컷이 좋다 역시 응응,1
개개개개개 좋아 이거임 진짜 눈물밖에 안난다 하하하,1
현대 렌탄으로 렌고쿠의 도련님인거 티나는 순간이 좋다 크게 싸운날 연락차단해버리는 탄지로 일주일뒤에 다시 얘기해요 했는데 그날 탄지로 입출금알람 탄지로 원 송금 미안하다,1
하 철용시쥰은 거의 모 쌍청학 박사학위따셧조 하 이게 조아요 사실 열렬한 사랑은 단편적으로 보면 로맨틱해보이고 세기의 사랑처럼 보이지만 감정의 온도를 유지하는게 힘들자나요 그래서,1
그레이스아나토미 너무 재밌어 씬마다 깔리는 배경음악도 좋구 날씨가 추워도 더워도 낙낙해도 생각남 그리고 꼭 시즌 까지만 복습해,1
채원메일 나두 보고 있어 누나 누나 유진이누나 열심히하는거보니까 나두 좋다 우리 누나도 저런데 나갔으면 하는데,1
잘 때 주먹쥐고 고양이처럼 자는 남자 좋다,1
아 신난다 같이 술마셔준데 좋다 아마 이놈 죽기직전까지 가도 안끊을것같아요 피를토하지않는이상 마시지않을까요,1
미쳣다진짜,1
나 진짜 이런 상황극 너무 좋아,1
후드티 상연 너무 좋다,1
오 전방 초이케 미소년의 뒷모습을 포착 뉴 서번트려나 좀 익숙한 것 같기도 하고 좋아 미행 해봅시다 살곰살곰,1
선물받는거 좋아 하긴 한데에 말하기 좀 그렇네요,1
졸라 웃김 연하 아주 좋아 죽네,1
관극하다보면 진짜 딱 그런날 있잖아요 좋아 완 벽했어 하는날 진짜 저 완전 그날이었어요 이 기억으로 삼연올때까지 버텨봐야죠 그때까지 행덕해요,1
진심 귀엽다 동숲에서 대출금 갚앗을때같음 아 귀여워 진심 웃는 모습 봐서 너무 좋아,1
그건 그래 근데 나는 아니야 나한텐 물고빨고하는게 제일 중요해서 옷 못입어도 잘생긴게 좋아,1
나 심각하게 무선이어폰 쓸까 고민중임 아니야 그래도 그냥 이어폰이 제일 좋아 가끔 이어폰 커버가 빠지고 선이 꼬이고 폰이랑 접촉불량도 있지만 그래도,1
쉽지 않은데 하나하나 챙기는거 이 다정함이 너무 좋다 도블도블 도영버블,1
좋아 싫어 소설책도 사고싶다 요즘 사고싶은 책 많은데 지금 집에 쌓아둔게 많아서 못 사고 있음 이것이 바로 구매비덕질,1
딸기라떼 좋아 지금도 마시는중,1
몬스타 하연수 너무 예쁨 날 연수언니 팬클럽에 가입하게 만든 드라마 내용은 옛날드라마라 씹스럽고 남주가 하 시발놈이긴한데 연수언니 이쁘고 뮤직드라마라서 노래도 좋다 봐라,1
공카 자주는 오는데 출첵처럼 영양가 없는 말만 하고 가는 것 보다 글 올리는 텀이 좀 있더라도 선호처럼 진정성 있게 써주는 글이 훨씬 좋아 근데 심지어 서노는 공카도 거의 매일 오잖아 내가 진짜 안 미칠 수 있냐고,1
히히 잘생겼다 헤헤 히 넘나 좋아 헤헤,1
그냥 범초의 모든 부분이 다 좋아,1
너무 좋다 강영현,1
청소 후 커피 한 잔의 여유 그리고 트위터 트윗을 책읽 듯 해서 제대로 자리 잡고 앉지 않으면 시작을 못하는 까탈인 이제야 좋다 겨울에 받은 유자차가 아직 그대로인데 유자차 이제는 지친 마음을 쉬어 이 차,1
저렇게웃는거 못생긴거 알지만 나는 내가 이렇게 활짝 웃는게 좋아,1
아 본보 좋아,1
후유미 정상인 좋아,1
단체 오프 좋다 엘망이들 단체로 갈라면은 버스 하나 빌려야될 거 같은데,1
근데 라인하르자 너무 좋구,1
근데 솔직히 난 이 장면이 제일 좋다 이유를 말할 수는 없지만,1
오우 좋다 물물교환,1
하 학년 되고나서부터 미유키 쿠라모치한테 말 존내 많아진 거 개웃기고 개좋음 둘이 맨 에이쥰 얘기만 하고 얘기해봤자 쿠라모치가 떠드는 거 리액션이나 해주더니 존내 말해 그래,1
나는 너 사랑하는데 너는 왜 나만큼 사랑해주지 않아 하고 동등성을 따지지 않을 거 같다는 점에서 류청가의 마음이 좋다,1
아니진짜 킨우 너무 좋다 킨우 안사랑하는법 아는 사람 탕 또있나,1
게임패키지 는 일본판은 엔딩괴 있는데 한국판만 없댔나 하여튼 이제 맘껏 듣겠구나 좋다,1
너무 좋다 이거,1
혼자 있는게 좋아,1
어떡하지 나 드 림이 너무 좋다,1
이 노래 너무 좋아 나도 모르게 흥얼흥얼,1
하 철용시쥰은 거의 모 쌍청학 박사학위따셧조 하 이게 조아요 사실 열렬한 사랑은 단편적으로 보면 로맨틱해보이고 세기의 사랑처럼 보이지만 감정의 온도를 유지하는게 힘들자나요 그래서 결국 갈수록 흐,1
오 좋다,1
대충 메디의 실험체가 될 수 있다는거죠 좋아 도전,1
너무 좋아 기절한 사람,1
에솦 박요한 성우님 감사합니다 감사합니다 감사합니다 너무 좋아,1
노래 너무 좋아,1
나 지금 이게 너무 좋다 봄이다,1
전 사랑에 공격적이래 어제보다 더 능글거려 존나 좋아,1
저런거 보면 눈물 찔끔남 너무 좋아 몽글 몽글 사랑해,1
난 프세카가 좋다,1
나는 강아지랑 고양이가 너무 좋아,1
시간이 빨리가서 너무 좋다,1
아 좋네요 잔뜩 쳐올리면 어느새 눈에 눈물 잔뜩 고여서 그만하라고 소리낼 것 같은데 우리 성현이 그런거 신경 안쓸 것 같은걸요 아 좋다 욕하다 신음하는 상황 자주 나올것 같아줍니다,1
같고 이때 결국 울 것 같네요 씁 그리고 좀 진정되면 자기 성 받을 생각 있냐고 물어봐요 아 근데 진짜 그 점도 넘 좋아요 약간 연륜이 느껴지는 능글스러움 헤헿 아 그쵸 루나가 상,1
폴몬제발오웬깅나오면 좋겠어 레어여도 좋아 쓰알이라 천장찍고 데려와도 좋아 내게 개조없이 학생모까지 착용한 흑쿠란오웬깅을 보여줘,1
상연이 후드입은거 너무 좋아,1
그냥 사람을 만드는것도 좋아,1
장도연 넘 좋다,1
미남 크게 보는거 좋아 엠씨 분량이 더 늘었으면 해 오래전부터 했던 생각입니다,1
앞머리 올백하고 옆머리 밀고 딱맞는 레자 입고 옛썰 부름의 응답 킬링파트 먹은 섹시한 너구리같은 우영이도 좋아,1
좋아 너도 합격,1
도진개진 유유상종 서로뭉개기 딱 좋아 준서기는 너무 일찍 나댄거지,1
다양한 머리 스타일 보는게 넘 좋다,1
난 에서 가 되는게 좋아,1
헉헉 저도요 헉헉,1
나 이즈 존잘 찾았는데 너무 좋다,1
힘을 빼면 묘하게 아직 말랑거리는 이타도리 다리 라인 꾹꾹 눌러 쓸어 보면서 열심히 노력했다고 말해주는 나나미가 좋아,1
쨘이야 형이 그르케 좋아 나도 좋아 찬부,1
인기가요 세트 영상 너어어무 좋아,1
고죠유지 낙서 설표랑 호랑이 둘 다 폭신폭신 왕발 고양이라 좋아,1
저거 손전등 라이트에서 별가루 만들어내는 것 같아서 넘 좋다 너가 곧 은하수고 우주고 응응,1
현실이기엔 너무 좋아 이게 꿈이라면,1
암캐 답구 좋다,1
나 궁 리메이크 된다고 해서 쮐 신났음 한복 좋아,1
좋아 잘부탁해,1
음 그런 것도 있어요 제가 아는 쌍으로 즐기는 기구는 그 양쪽 다 귀두부분인 딜돈데 좋다 하 그팬티 입고 박다가,1
댕햄진짜 좋다,1
나한테 미안하다는 말 하지마 오늘부터 절대 하지마 장난이든 뭐든 내 앞에서 다시는 하지마 사랑해 사랑한다고 해 그게 나는 더 좋아,1
이야 오늘 날씨 짱 좋다,1
미쿠라 존나 좋아 주장 부주장 관계 되어서 더 그런 것 같지만 둘이 좀 더 끈끈해진 듯 학년 때부터 같이 헤쳐나온 게 얼마야 년이면 길진 않은데 하루온종일 붙어 있어서 진심 년만한 년 같음,1
저영상 분봤음 너무 좋다 약간 벅차오르는 오타쿠됨,1
좋다 조아,1
영화가 좋다 자산어보 기다렸다굿,1
끼양 가가 목소리도 넘 좋아,1
으휘어윙 좋아 모해,1
정말 너무 좋다 보라머리 첨엔 뭐지 했는데 너무 게여어 그리고 강책임 과거 진짜 궁금 저렇게 완벽한데 어떻게 왜 이혼했을가,1
너무조아 너무조악 아가들 핑퐁 너무 좋다,1
쇼토 놀란 동공이 다 드러난 표정 너무 좋다 귀여워 새초롬해 귀여워,1
앜 좋아 좋아 찍먹은 멋지다,1
좋아 좋아 나도 크게 신경은 안 쓰거든 무엇보다 리첼이랑 계급에 차이가 있는 것도 아니고 같은 상급 기사니까 아래라면 뭐 달랐으려나 하고 작게 중얼거립니다,1
나는 정말 이 허그에 전후사정이 궁금하다 얘들아 정말 이거 너무 좋아 최고 짜릿,1
자캐로 최근 본 애니 하이큐 좋다,1
카라스노 까마귀면서 빛을 가득 품고 있다는게 너무 좋다 차가운 빛도 뜨거운 빛도 다양하게 있다는게 제일 좋다 까마귀니까 빛나는 사람들만 모으는 걸까 까마귀는 반짝거리는 것들을 좋아하니까,1
위로 진입 넘 좋다,1
예약템 렛어텟 실은 작년 올해 꽤 자주 온 곳이죠 갸토가 맛있고 스콘이 햄버거 사이즈만한곳 그리고 맛있다 단호박고구마 쳐돌이는 여길알고 행복해졌어요 구황작물베이스많이써서좋구구성이 알차서 좋아,1
나도 여친 가져볼래 줭 연상 누나면 좋아 난 남이야 남자지만 신기하게도 애교가 좀 있는 성격이라 얼공은 자유야 히히 변도 가능해 성격은 상관없엉 장거리도 좋고 근거리도 좋아 난 수원이야 댓,1
마법사맛 슈크림맛 마법슈크림 맞나 귀여운 애기들 좋아,1
난 피땀정국이가 진짜 너무 좋아,1
나의 탄생화 김뿝님의 탄생화는 떡갈나무 입니다 꽃말 붙임성이 좋다 쾌활하고 자유분방한 당신은 지적인 매력만 더해진다면 누구에게나 인정받는 존재가 될 것입니다 다른 나무에 비해 벼락 맞을 확률,1
지웅아 경주 버드파크 가거라 좋다,1
애기가 애기래 초깜찍둥이 어쩌면 좋아,1
근데 지훈이 기브럽 목소리 진짜 좋다,1
오늘 왜 이렇게 우울 하지 니미 멘붕 별로 좋아 안하는데 자체 지랄 발광이 안되네,1
마고 탑라인 중간에 부끄러워서 트히히히 웃음소리 너무 좋아,1
굳이 고르믄 동갑이 좋아 근데 또 나이차가 나는 건 그것대로,1
이틀 보기 너무 잘했다 아휴 넘 좋다,1
모야 다르네 좋다,1
일에두 슝 이래가지구 아니아니 이 귀염둥이 어쩜 좋아 햇는데 하 그거 고정으로 하려나바여 미치겟다 다시 곱씹어봐두 존귀라구여 광대 던져 진짜,1
모르포시의 명령조 말투가 너무 좋다,1
나는 먹는게 너무 좋아 먹어봤고 아는 맛이기에 그 맛을 기대하고 상상해볼 수 있는 게 너무 좋아 살찌는 건 싫지만 살찌는 것보다 못 먹는게 더 슬퍼 금강산도 식후경이라하고 먹고 죽은 귀신이 때깔도 좋다니까,1
넘 좋다 진짜,1
지치지않고 점프하는걸보면 여기서 어느정도 잘 지내고있는것같아서 다행인데 지치지않고 너무 반갑게 맞이해줘서 그런지 그냥 안쓰럽긴한데 이게 이 아이가 친절해서 너무 좋다,1
근데 저 살 돼멍이 짤 너무 좋아,1
아 나 진짜 오늘 막공인거 너무 아쉬웠는데 물론 지금도 아쉽긴한데 그래도 막공 너무너무 만족하면서 보내서 너무 너무 좋다,1
아 너무 좋다 계현 베리베리,1
에테르깃든장비 분홍색이고 옵션도 좋고 그때 얻은 룩외관도 이쁘길래 좋아 했었는데 알고보니 유품훔쳐 좋아한 미친년이었던거임,1
낙인 제목 이거 맞나 여기서 조종 잘 당하는 꽃글 넘 좋아 몸 잘쓰는거 알긴알지만 진짜 너무 잘해 보면서 희열이,1
야하네요 하아 저 썰 너무 행복하게 퍼먹 엇어요 지금 서로 서툴고 조심스럽고 간질한 분위기인게 너무 좋다 이거예요 하아 나중엔 스스로 만지면서 이,1
목소리가 좋다 했더니 팀내 보컬이었구나 오,1
리리도 좋아,1
마음 찍어주셕길래요 헤헤 노래 추천하는거 좋아,1
일단 나는 화요일이 좋다,1
세투나 정세운 가이드 버전 나른하고 좋아,1
발 존나 좋아,1
준비 진짜 엄청 많이 했네 내용도 다르고 너무 좋다,1
이번학기 국문학개론 쉅 듣는데 넘 좋다 언어과목 젤 좋아햇던 오너,1
나 얘 좋아 색감이 넘 이뻐,1
헐 짱 좋아 완전 좋아 나는 열아홉 편하게 불러죵 파이라고 부를게,1
식혜 너무 좋아 완전 달달하고 맛있으,1
건짱의 노래하는 모습이 너무 좋아 어떡하지 건짱 이 특집 영상 봐용 마음은항상당신곁에있어요,1
나는 채훈이가 가진 건강함이 좋다 배려하면서도 아니다 싶은 것들은 잘 거절하고 본인이 컨트롤할 수 있는 범위 내에서 충분히 팬들이랑 소통하는 사람이란 걸 알아서 더 고맙지,1
난 이노래가 제일 좋아,1
미미친 좋아요 좋아 만세다,1
간지러워 안무에 막 쿵 하고 떨어지는 듯한 추락하는 듯한 뭔가 깨어난 듯한 그런 안무가 많은데 너무너무너무 좋아 눈이 행복해,1
서면 녹아들다 녹카페 음료 원대 당고세트 코타츠카페 당고카페로 유명함 겨울에 가면 따뜻하고 노곤하게 쉴수있음 층도 있으나 가게가 항시 붐비는편이라 웨이팅은 어느정도 각오하고 가는것이 좋다 카페컨,1
너무 좋아 너무 좋아,1
좋다 버스에서 잘 쓸듯,1
다 보는 앞에서 사정하고나면 나른함에 축늘어진 내 몸을 보는 눈들이 좋다 여장 여장남자 시디 크로스드레서,1
나도 굿 좋아,1
좋아 누워잇기 짱,1
백우랑 여주랑 같이 부른 곡도 있구나 내 스타일의 곡은 아니지만 백우 목소리 좋아,1
근데 진짜 관상뜯어먹힌게 최영님이 그린 아이작 보면 눈꺼풀이나 머리카락 묘사가 내캐그린거같아서 웃겨 그냥 웃겨 너무 좋아,1
즈라 눈 저렇게 되는 거 진심 너무 좋다 저리 보여도 이성을 잃은 쪽은 아니라는 낙양의 언급이 생각나는데 그런 거라면 정말 정신력 의지로 저런 눈을 하는 거잖아,1
준블랙 웃음 소리내는거 진짜 너무 좋아 맨날 얘기하는듯,1
그리고 아 그거 소년의 밤이 내가 좋아하는 정둉 목소리의 집합체임 그냥 다 좋아 완전좋아,1
일이 젤 좋구 일은 일찍만나서 일찍 헤어져야할듯한 넘조와조와 못본지 오래댓지 홍대맛집 쓸면 좋겠다,1
이 옷 좋아,1
아아 좋아,1
네가 와서 정말 좋아 주연,1
유진이 끼부리는거 너무 좋아,1
어어어 엉 겁나 좋다 나한테 개겨줘,1
오늘 향이랑 은진이 좋다,1
좋아 고맙습니다,1
방심했네요 극이 재미 없는건 마찬가지 인데 배우는 저번 시즌에 진짜 극불호 뜬게 다 좋아 져 있어,1
좋아 강치랑 뽀굴도 불러,1
난 좋다 네가 있어 이 세상이 태어나 마음의 문을 열어준 순간 기다려줄 사랑이 서 있게 그게 나야 중,1
저 진짜쿠소대사밖에 안떠오르는데 머릿석애서동인지한오백권지나감 아잇참얘들아 좋다,1
따라잡히는거개빡티는데 은진이 잘해서 좋다 대가리퍽퍽퍽퍽,1
손이 마음에 들게 그려져서 기분 좋아,1
지금 완전 올망졸망 이모지 됐어 도영이 너무 좋아,1
여러분 저 오타 엄청많이나요 잡다한글 엄청올라오고 장르도너무 많아요 쿠오븐 쿠킹덤 프리채널 뱅드림 이걸 어떡하면 좋아,1
맞어 진짜 냄새 급나 좋아,1
근데 진짜 여기 탐라 연성러분들 각각 연성 스타일 확고해서 좋아,1
아첫 번째뭔데 랜선휴지너무웃 겨,1
방탄소년단뷔 목소리 너무 좋아 방탄소년단뷔 뷔,1
토마토에 설탕뿌려서 먹는거 넘 좋아,1
프리즘스톤 흑흑 너무 좋아,1
이러니까 뒤에서 유튜브 한대 아 너무 웃기고 좋아,1
토토도 좋아 귀여워 토토는 어차피 오즈왈드 파이팅,1
책방 사춘기에 휘리 작가님 전시를 보러 다녀왔다 당연히 다른 원화도 무척 좋았지만 드로잉 노트의 그림들이 너무너무 좋아 맘속으로 폭죽 터뜨림,1
목까시는 사랑이지 머리띠 너무 좋다 암캐 조교 멜돔 디그레이더 에세머 오프 건오 섹트 일탈,1
관련증빙 질서 별표 넘 좋다,1
얘들아 난 선우가 너무 좋다 평생 행복했으면 좋겠음 그러니까 프메,1
균이 목소리 좋다,1
최수빈 머릿결 보들보들한거 너무 좋다,1
아 어떡해 그냥 너무 좋다 다 같이 음방하는 게 얼마만이야,1
마크의 흐트러진모습 같은걸 상상하면 기분이 좋다 그 완벽한 남자의 흠,1
어 저만 저만 아무것도그치만 조아요 글구 죔 엇갈렷지만 또 이메 줏어오신것도 봣는데 그것들도 넘 조아요 우리 애랑 비빌수만잇다면 머든 좋아요 유성애고 혐,1
너무 좋아 평생 은햬해주세요,1
형들이 오구오구해주는거 너무 좋아,1
근데 만약 명이 멤버형아들이라도 진짜 형아들이 막둥이 사랑 오진다는걸 알 수 잇어서 걍 너무 좋음 사랑받는 막둥이 너무 좋아,1
저 반장 됐어요 허허 그리고 우리학교 디폴트 한명 찾았음 너무 너무 좋다,1
헐 반대도 좋다 근데 총 모양은 신라가 쓰는 총은 안대겟네요 머스켓 같은 걸 써야 하나,1
현대 렌탄으로 렌고쿠의 도련님인거 티나는 순간이 좋다 크게 싸운날 연락차단해버리는 탄지로 일주일뒤에 다시 얘기해요 했는데 그날 탄지로 입출금알람 탄지로 원 송금 미안하다 무슨,1
아 너무 좋아 나 정말 기계를 좋아하네 코펠리아 너무 아늑함,1
해야랑은 짱친이지 완전 좋아,1
조쉬 좋아 선글라스낀 하찬은모습 정말 좋아함,1
좋다 어제랑 의상 내용도 다르고 알차다 역시 콘서트 맛집 몬스타엑스,1
흐헤헿 친구생긴거죠 지금 아이 좋아,1
너무 좋아 김진성,1
천러는 보컬이 되게 딴딴한 거 같다 담백하고 듣기 좋아,1
권이사님 원샷투샷 너무 좋아,1
이와중에 이지메 막는거 한결같아서 좋다,1
카토르 마키라가 좋아,1
사랑해 애덜아 너무 좋다,1
나의 존잘 느즈므님을 따라왔는데 그분이 날 버리고 로오히계정을 만들어서 떠났어 번과 같은사람임 낮이 좋아요 정확하게 말하면 아침이 좋음 아침이 주는 산뜻함 청량함이 좋아 머독님,1
코난 볼펜 우주 메이저 장르는 굿즈가 널려서 좋아,1
에쉬 노래 넘 좋다 미친,1
피디 지인이 나한테 자기가 하는 프로에 아이돌 두 쌍을 넣어야하는데 누굴 넣을까 너 아이돌 잘 알지 해서 젠동 추천하는 꿈을 꿨음 예능 게스트였는지 엠씨였는지 근데 완전 어 그 엔시티 햇찬 이가 센스 좋다,1
정국이가 빗대어 표현하는 방식이 좋아 이 친구를 저라고 생각하시고 예뻐해주세요 여러분의 사랑을 먹고 자란답니다 제 마음을 표현해보았습니다 굳건히 그 자리에 머물러 있다 언제든지 이 나무를 보러 오셔라,1
부산 남자면서 제법 홍머충 같은 그이 너무 좋아요 그이 옆에 기타케이스 맨 남자도 젛거 숄더키보드 맨 남자도 좋고 다 좋다 이 말이에요 양다리면 더 좋아,1
진짜 너무 다 좋지 스테이 윗 미도 좋구 섀도우도 좋구 시간차도 좋구 그냥 다 조아 미엔유도 좋구,1
채랑혜원이 이쁘니 요즘 이 필터가 너무 좋아 여러분은 어때요 강혜원 김채원 아이즈원,1
밟혀도 좋아,1
학교 좋다 학교 좋아 딱 한 반이네,1
헤헤 도영이의 다정이 좋아,1
상황에 어울리게 나오고 있는 들은 밑에서 열심히 유자를 따고있는 다니엘의 노래들이다 이말 입니다 듣고있으니 또 좋구 역시 배우신분,1
좋아 내가 더열심히 연습해올게,1
아아악 강력계 형사 그것도 팀장이요 너무 좋다,1
아니 너무 좋아,1
싫은데 좋아 싫은데 좋아 싫은데 좋아 싫은데 좋아 싫은데 좋아 싫은데 좋아 싫은데 좋아 싫은데 좋아 싫은데 좋아 싫은데 좋아 싫은데 좋아 싫은데 좋아 싫은데 좋아 싫은데 좋아 싫은데 좋아 싫은데 좋아 싫은데,1
좋다 좋다,1
사라지는 것 같네 좋아 령주는 절대로 쓰지 말자,1
파란 파란색의 에레리가 보고싶다 저녁 즈음에 온 세상이 푸르게 물들었을 때에 옥상에서 서로를 마주보는 에레리 이런 느낌으로 길게 써보고 싶다 온 세상은 바다에 잠겨가고 있었다 라는 문장으로 루프물도,1
향수 써 그거 향 연해서 좋아,1
미로치 암컷프티 좋아 캐짤까,1
에이티즈 노래 좋다,1
팬들도 이렇게 그리워하고 추억하는데 당사자는 어떻겠어 나같아도 기분 이상할듯 년 전에 내가 저걸 했었다니 하면서 같은 일 하게 된 동생 응원하는 모습 너무 보기 좋다,1
주식하는 기혀니 좋다,1
샤이니 앨범 양도합니다 샤이니월드 누너예 정규 집 버전 셜록 온유버전 링딩동 일괄 운미포 반값택배 가능 포카 샤이니 온유 종현 키 민호 태민 산하엽 에블바 샤이니앨범 소품집,1
하 너무 좋다,1
구승효 담배 피우는건 싫은데 담배 물고 있는건 좋아,1
최수빈 너무 좋아 어떡해 오프가서 하루종일 수빈이 이야기만 하고싶어짐 자꾸,1
헤헤 기분 좋다,1
야 좋다오늘 좋다 송화야,1
날씨 너무 좋다 원진아 보정 많이 함 날씨 너무 좋아요 원진이는 환장하게 좋아요,1
아 헐 어쩐지 빨간 바 뜨더라 노래 간간이 추가해조 선곡 좋다,1
미나리 끝나고 나오는 한예리의 엔딩송이 잔잔하고 좋다,1
난 극단적인 여자가 좋아 밴태님 우리 얼른 머리 박자,1
산크레드가 좋아 크타 다 끗냇는데 그라하,1
오늘 페어도 너무너무너무너무 좋앗고 나 한보라도 조아하나봐 아 태일 너무 좋아 어떡하지 진짜 오스트 좀 내주세요 진짜 사람 미치게 하지말거,1
골차 노래 좋다,1
배고플때 볼 영화 퀸카로 살아남는법 시드니 화이트 이지 에이 와일드 차일드 플립 리지 맥과이어 프린세스 다이어리 클루리스 내가 널 사랑할 수 밖에 없는 가지 이유 키싱 부스 리얼리티 하이 퍼펙트 데이트 쇼퍼홀릭,1
좋아 웅연이 짱친 담에 오프도 할거,1
아놔 좋다 만나자,1
국내 많이 쓰니까 좋다 시크릿쥬쥬 노래도 많이 듣고,1
스스로 아무것도 없다고 하는데 시키 이름이 시키인 건 좋다,1
꾸준히 더 오르고 있어서 넘 좋다 우리 자랑스러운 지훈아 엠씨축하해,1
곰팡이로써 살아가는것도 좋아 팡,1
알티로 예전 연성들 다시 올려주시는 분들 너무 좋아 쿨닷 가득 찼다,1
사랑의 형태에서 이 사진이 젤 좋아 똥강아지같은 강스기랑 손은 계속 꼭 잡고 있는 거랑 그냥 저 구도 자체가 너무 귀엽고 좋아,1
아 진짜 너무 좋다 너무 좋다고 아 무사 올가 한복 바네서 너무 좋다고 눈평펑 꽃잎펑펑 계절감 상관 없어 아 좋아 좋다고,1
좋다 어쩌다보니 개중요한단서를 홀헤가 쥐고잇어서 속터지고답답래도데려가야만하는정예요원,1
유진이 인가 무대 역시 인가답게 날 실망시키지 않고 얼빡샷 많아서 기분 좋아,1
근데 나 연준이가 넘 좋아,1
찬열아 너무 좋아 보여 우리 아기 건강하게 지내요 사랑해요 찬열버블,1
근육에 자부심 잇는거 넘 좋아 그리고 칭찬 좋아하능 것도 넘 귀엽 문빈,1
웨이션 이번 컴백은 한국 음방 다 나오는구나 너무 좋다,1
피부 엄청 좋다,1
안 좋아,1
우리집에 언제올래 오늘도 좋고 내일도 좋아 텍혐 그 자체임 근데 이제 중재가 말하면 장르가 좀 달라짐,1
좋아 넘무좋아,1
냉이된장국 한다던 사람 돌연 갈비찜을 해버림 물론 냉이된장국도 했어 갈비찜은 집에 당근 감자 양파 소비하려구 했어 마쉬써서 기부니 좋아,1
백도현 외고생인데 하는 거 독서실에서 책읽기 애들아 너희도 책 읽을래 정신머리에 좋아,1
샤오거들 다 잘생긴거 너무 좋구 흐흣 준첩샤오거 정말 인형이다,1
근데 이거 노래 좋아,1
춤 추는거 잘보여서 너무 좋아,1
아 나 주헌이 너무 좋아,1
오타쿠질 년 하고 트위터 계정 떠돌다보면 분명 무방비하게 최애 성인연성 한번쯤 밟을법한데 특히 여캐면 모 캐러는 아직까지 본 적이 없어서 정말 운이 좋다 그래야할지 신기하다 해야할지 그래 나도 서치 안 돌리니 볼일 없겠지 앞으로도,1
영호야 그냥 진짜 너무 좋다,1
이거 노래 좋다,1
안색이 안 좋아 보인다는 학 에게 아니 네가 잘못 본 거야 랑 마치 꿈처럼 때 아야,1
하이조커 너무 좋아,1
문장 너무 좋다 끌어안고 재우기라도 했음 좋겟다니,1
샤인,1
아 이거 너무 좋아,1
부지런한 순간 기록가 좋다 먼가,1
날 되게 좋다 관극하고 올걸 그랬나,1
이여자의 차안 윙크 브이 셀카가 좋다,1
셔누능 즐거워 순한맛 얼굴 너무 좋아,1
와이옵바 좋아,1
깃묵 그거아니 배떡에 로제떡볶이를 시켜먹을려다가 실패해서 응떡시켯어 히히 뭐든 좋아,1
아만다 목소리 넘 좋아,1
좋다 좋딘좋은데 너 어려운 싢화 줄까바두려워,1
정말 피네가 좋아,1
향 좋아 추천 병원 냄새 너무 싫어 으으으,1
진짜진짜진짜 귀여워서 기절 이 밤비 어쩌면 좋아,1
넘 좋다,1
와 이진기 미치게 좋아,1
헐 진짜 노래 좋다,1
골차 노래 좋다 샤이니 음방 챙기면서 건진 노래,1
이제 섹못방보단 진득한 키스는 하되 섹스는 참아야 나올 수 있는 방에 갇히는 게 더 꼴려 이쪽이 더 다양한 캐해석이 나올 것 같음 둘 다 안 해본 사이가 갇힘 오히려 좋아 둘 다 절대 안 할 사이,1
난 이 연상의 자세가 너무 좋아,1
와뭐야 진짜 귀야워 백발금안 좋아,1
진짜 역부족팀 너무 좋아 너무 웃겨,1
썸머 너무 사랑하는데 이날 무대 하는 마크가 너무 행복해보여서 특히 좋아 보면 행복해짐,1
물 비린내 너무 좋아 비냄새도 좋아 물향 좋아,1
꼬옥 껴안구잇는 마들에슾 아침잠 많아서 잘 못 일어나는 에스프레소 좋다 그 잠투정 다 받아주는 미남 애인 마들렌은 더 좋음,1
주향 너무 좋아,1
루호리가 너무 좋음 망했다면 망했다고 할 수 있는 그 관계와 결말이 정말 너무 좋다,1
성찬아 어디가요 차니가요 요 천재밤비를 어떡하면 좋아 칭찬감옥에 가두고 싶군,1
앵콜직캠들은 진짜 소중하다 시원쭉쭉 목소리 뻗어나가는 것도 극락이고 다들 방방 뛰면서 행복해하는 거 볼 수 있는 것도 너무 좋아,1
나는 우라우라 헤테로도 좋은거같애 여우라 넘 좋아,1
네가 좋으면 나도 좋아,1
예민충 이욘보 존나 좋아,1
좋아 잠 좀 깼으니 작업할건데 저는 마이크 못킵니다 그래도 괜찮다면 디코해요,1
활짝 웃는 이준호 너무 좋아 활짝 웃을때마다 눈이 안보여 그래서 더 귀여워,1
내껀 아싸템 아냐 였다가 진짜 좋아 죽음,1
난 재민이만 좋아,1
아미트친소 이것저것 다 하고있어 귀여운거 너무 좋아하고 비공굿에 관심많아 모든 흔적 다 잡을게 멘도 좋아,1
자기 것에게 너그러운 건 성현제보다 한유현이 더 할 것 같아서 성현제가 어떤 걸 요구해도 와 상충하는 게 아니면 다 받아줄 것 같음 당신은 이런 게 좋습니까 자기 자기는 이런 게 좋아 응 좋,1
첧이가 뭐라하고 섢오가 끄덕거리는거 뭔가 친해진거같아 좋아 보 웹트 모드 트앱 더 스크톱사 트 처 크 해서 보세요,1
헐 너무 좋다 그러면 커플링 안해도 세 먹을수 있어 밥그릇 싹싹,1
마들렌 에스프레소 따로 그렸는데 어쩌다보니 이어지는 낙서 공화국 쿠키들 좋아,1
빛전을 사랑하는 프레이 좋다 당연함 근데 좋음 프레이 좋아하는 게 당연하기도 함,1
알오물 너무 좋아,1
똥꼬엔 진동기 보지엔 전동딜도 씨발년 아주 좋아 죽네 도그플 암캐 노예 펨섭 멜돔 수치 오컨 풋워쉽 기구플 조교 봉사 굴욕 목줄 블라인드 오프 섹트 일탈 에세머 전북 군산,1
형원이 요즘 너무 바이브 좋아 다정이,1
좋아 보여,1
날씨 너무 좋아,1
왔다 완전 좋아 밀린거 다 봐야지 정보 땡큐,1
진짜 웃겨요 거칠게 완전 좋다 이거죠,1
아 오늘 날씨 좋긴 좋다,1
아 진짜 좋았다 범찬 합 좋다 더줘,1
탐라보다 줏엇는데 이거 좋다,1
인가는 소개가 많네 넘 좋다,1
진짜 좋다,1
역시 난 틔터용 사진이 더 좋아,1
응 좋아 끼양,1
명급리 읽는중인데 너무 재밌음 선한 주인공 너무 좋아,1
응응 각도 좋다 그렇게 그대로,1
음 오후에는 속이 안 좋아,1
바다보다 예쁜 너의 미소가 난 좋아 여긴,1
한국에 이렇게 큰 딕들이 있는 줄 첨 알았삼 주변에 없었던거구나 와 몸짱들 다 모였네 너무 좋다 헉헉,1
되게 커미션 맡긴 거 같고 좋다,1
다시보니 첫 법 생각남 자꾸 왜 웃는거야 나도 웃고 있지만 이잉 너무 좋아,1
오낸오프 노래 좋아,1
년대 번역본의 노란 종이에 잉크가 번진 것처럼 곱실하게 구부러진 물음표의 글씨체가 좋아,1
일부러 보라고 만들어놓은 식물원같은 곳보다는 손 안 간 자연이 더 좋아,1
나 호시가 좋다 하기 힘든건 내일해 괜히 애써서 안해도 돼 같은 가사 불러놓고 새벽 다섯시반에 빨딱빨딱 일어나 지각한번 없이 남양주 통학에 연습생활 병행한 언행불일치와 끈기집념성실의 교본 호시가 좋다 잼잼 들으며,1
아님 그런 것도 좋다 뉴선 학기초에 사귀기 시작해서 사랑에 미쳐갖고 뭐든 같이 함 등하교랑 식사 뭐 이런 것뿐만이 아니라 학회도 동아리도 같이 들음 그러다가 헤어짐 근데 아직 종강 전이라서 계속 마주쳐야하는거지,1
애쉬 이번 앨범 존나 좋다 미친 미치이인 드디어 패러노이드랑 발할라 졸업하냐 응 근데 이번 앨범 노래들 들으면서 도패러노이드랑 발할라는 속 들을듯,1
뭔 덕질이 이리 버라이어티하게 재밌는지 내 어쩌다 정국일 알아봐서 이런 호사를 바빠 죽겠고 좋아 죽겠다,1
아진짜 좋다 근데 킥백자꾸기대하게해,1
겉으로만 수백가지 그 속엔 백만가지 이유들로 네가 좋아,1
이거 어쩌면 좋아,1
하아아 엄마가 끓여줫어 시금치 된장국은 왜 이렇게 맛잇지 년내내 먹어도 질리지 않을 그 맛 밥 말아서 김치 올려목으면 김치 아삭아삭 캬,1
백권 따라하는 정수희가 좋다,1
아 아 근데 진짜 너무 사라 아 어떡해 너무 잘 어울려 나 지금 좀 눈물나 너무 좋아,1
우햐햑 좋아 주작아 나두 잘부탁후아아아악 질수 없다 님에게 냅다 작살눈빛을 갈겼다,1
헤더할래요 어쩌면 좋아,1
형얹 드롭 이어링 너무 좋다,1
노래 좋다 했더니 온앤오프네 역시나,1
어떡해콧김나와 부이앱도 좋아 춤커버도 좋아 뮈친 업진살에서콧김도나온다요즘은 하악,1
책 읽는데 우리는 부족하기에 초라하기에 도전할 수 있고 이루어 갈 수 있다는 부분 좋다,1
팬티 위로 내가 젖을 때까지 충분히 문질러 줘 동그랗게 젖은 곳을 꾹 눌러서 자극해 줘 혀로 자극해 줘도 좋아 애타게 해 주라 응 레즈섹스 레즈섹트,1
헐 그럴까 좋아 나 밥맨 사올건데 분쯤 볼래,1
이 사진 너무 좋아 요,1
집안일 왕창 했다 깨끗해져서 너무 좋다,1
포트넘앤메이슨 로즈포총 홍차를 마실 때 차를 다 마시고 나서야 입에 남는 향으로 홍차의 향을 온전하게 느끼는데 이 차는 마시는 순간부터 목구멍으로 넘기고 입안에 향이 남아도는 순간까지 일관성 있게 장,1
우왕 엠씨 지훈 너무 좋다 자랑스럽다,1
청아예고 보다 더 좋아 보여,1
좋다 완전,1
근데 핏맞는거 너무 좋다,1
그으래 좋아,1
천서진 캐릭터성 입체적인거 너무 좋다 진짜,1
친정 좀 이따오고싶은데 며칠이라도 왜냐면 날씨가 너무 좋아,1
류시화 지금 알고 있는 걸 그때도 알았더라면 이병률 바람이 분다 당신이 좋다 이용수 내 사랑은 계절처럼 법륜 지금 이대로 좋다 안나 가발다 위로,1
나 사좀어 너무 좋다,1
이 분의 엇이 너무 좋다,1
오전 오후 다 챙긴 거 처음이라 기분 좋다 푸헹헹,1
어어 뭐야 이 그림 좋아,1
디우프 눈도 좋아,1
자기 것에게 너그러운 건 성현제보다 한유현이 더 할 것 같아서 성현제가 어떤 걸 요구해도 와 상충하는 게 아니면 다 받아줄 것 같음 당신은 이런 게 좋습니까 자기 자기는 이런 게 좋아 응 좋아 성현,1
확실히 회사에서 주는 영상이나 사진자료들도 물론 좋지만 팬분들이 보정하고 올려주는 사진과 영상들에서 확실히 애정이 묻어나오는게 보여서 좋아,1
쾌청한 날에는 빨리 행동할 수 있지만 평소에는 어두운 곳이 좋아,1
기브러브 선곡 너무 좋아 당연함 정성찬 속마음 그자체임 맨날 기대해주세용 좋아해주세용 아가밤비 멘트가 가사로 줄줄 나옴,1
여기 클로즈업해서 홍중이 표정 잘 잡아준거 너무 좋다 홍중이의 표정 단 순간도 놓칠수업씀,1
이언니더 좋아 마이퍽킹로맨스과몰입함,1
와 이런 컨셉 언약 좋다 누구쪽 지인이냐에 따라 옷색 다른것도 좋고 중간에 겹치는 지인 색 이렇게도 좋고,1
재투성이 만신창이어도 꿋꿋하게 웃어보이는 여캐가 좋다,1
슈윗타임 맞이 이벤트 해당 트윗 당발 일 물품 허니콤보세트 슈윗타임 소식에 기분 좋아 진행하는 이벤트입니다 민석이가 년 월 일부터 생각하고 또 생각한 슈윗타임 놓치지 말고 즐겨,1
아 너무 좋아 너무 좋아 사부님 짱 잉야 하 한번 했는데 두번 받으면 눈 동그랗게 뜨고,1
핝쥣송의 파머가 너무 좋다 한쥣송 머리카락은 눈치잇으면 파란색으로 자라라,1
다들 활기차네요 밝은 모습이 보기 좋아 보입니다,1
난 파마 좋아,1
아 헉 소우자도 좋다 으앙 오늘 주제 너무 검사니적 모멘트만땅이라 누구해야할지 모르겠아,1
힝 항상 같은 말을 하고있는 정국이가 좋아,1
난 허브맛쿠키의 저 정수리 물방울이 너무 좋다 겁나큐트해죽겟어,1
맞아요 노자키군으로 처음 들어서 알고 있었어요 멜론에 음원 있네요 너무 좋다,1
단 이때 주먹밥 내용물은 없거나 간소한 편이 좋다 마요네즈 등 기름진 것은 내용물이 흐를 수 있기 때문이다 명란젓이나 연어알젓은 구워져서 맛이 좋다,1
사람이 기다림에 주는 두려움 지침 외로움 그런 것들을 감정을 표현하는 단어를 반복해서 서술하는 게 아니라 그 사람이 그걸 기반으로 어떤 행동을 했다에서 행동 양상이 달라지는 걸로 그 감정이 심화되는 거 표현한 게 좋아,1
나는 지금이 딱 좋다 형원아,1
최애가 당신에게 전하는 숫자암호 이석겸님이 전하고 싶은 숫자암호는 입니다 해석은 네이버에 검색하세요 오 대박 이,1
오 근데 이 노래 좋다 뻐버뻐뻐버범,1
남돌은 청량 제발 많이 해줘라 얼마나 좋아,1
귀여워 미쳐 진짜 아가야,1
앞이 아닌 옆에서 달리는 엔도 이런 면모에서 변함없는 네가 좋아,1
니 저 중간사진 너무 좋아,1
근데 진짜 좋다 팬들이 이건 아니다 싶어해서 자기가 굽히기로 했다고,1
디저트류 특히 투썸 케익들 젤 좋아 식사류는 토마토스파게티랑 김치볶음밥,1
이 말이 너무 좋다 난 유쾌하게 살기로 결심했어 이런 어른이 되고 싶다,1
너무 좋아 미쳔나 희주나,1
산이 이건 무슨 일이야 부분 너무 좋다,1
이조합 존나 신기한데 좋아,1
오늘도 생머리에 이마톡톡 제스쳐 했지 오늘같은 헤어가 얼굴 덜 가려서 좋다,1
이거넘 해예같다 김죵욵 신입생 해한테 다양하게 들을수록 선택할 때 좋아 했는데 나중에 에타에 돌아다니는 저 글 보고 기겁해서 이동햬한테 전화할거같음,1
별 거 아니면서도 큰 변화 레이백 들어가서 사이드웨이 하고 자세 풀면서 기본자세 잡고 손으로 디테일 안무 살리는 거 바로 헤어컷 들어가는 것보다 훨씬 좋다 아무래도 기본자세는 손이 자유로워서 디테일 안무를,1
수빈이 파트 때 들어오는 태현이 애드립 정말 소름돋을 정도로 좋다 너무너무 좋아,1
색깔도 좋고 작품도 좋아,1
창민이의 선한 영향력이 좋다 뭔가 노력하고 있다는 티를 엄청 내는 것도 아닌데 힘들다고 말하기보다는 힘 달라고 돌려 말하는 편인데 그렇게만 말해도 모두가 지금 노력하고 있구나 지금 힘들구나 알아주고 창,1
진짜 무대에서 저렇게 행복하게 웃는거 너무 좋다,1
아 좋아 고마웡 다른사람이 한거 보고 연습해서 형태 어케잡는지 본다음에 사진 따라그려야겠따,1
막방 화이트 착장이라 너무 좋다 화이트차일드 사랑해,1
아무도 없는 집에서 커피 내려 마시니까 너무 좋다 따뜻한 날씨 체체고야 흑흑 겨울 시러 추위 안녕 잘가 이제 다음 겨울에 만나자 제발,1
난 음파음파가 제일 좋아,1
형원이 놀리는 맛이 정말 좋다,1
하라메 티저 오늘 나온것마저 다른 느낌일줄이야 택이가 전부터 하고싶었다던 락 스타일이라 너무너무 좋아,1
로운 내손을 잡아 사랑이 온거야 너와 나 말이야 니가 좋아 정말 못견딜만큼,1
미나리 봤고 어떤 식으로든 자기 얘길 하는 사람들이 용감해서 좋다,1
하지말라는거하는 타다노인간캐릭터들 넘 좋아 신들은 너무 오만햇지 아무래도,1
근탑 대물형이랑 같이 슬림텀 애기 먹기 이런 조합 좋아 헿,1
포켓몬 배틀 상상하는거 너무 좋아 게임이랑 다르게 필드 박살나고 엄청 위험한데도 승리를 위해 싸우는 포켓몬이랑 트레이너,1
옷입은 것도 너무 좋다 시발,1
영화포스터 남친 재질 요즘 계속 설레여서 못살겠다 너무 좋아 미치겠어 우야 인스타그램 한승우 우야 승우 빅톤,1
너무 좋아 어떡래,1
루나는 날티 나는 분위기를 하고선 꽁꽁 싸매입음 제로는 세상 보수적으로 머리 틀어올려놓고 어깨를 훌렁 드러냈음 이 복잡한 온도차가 좋다,1
근데 노트에다가 내가 좋아하는 색을 담은 펜으로 끄적끄적 거리면 더 좋아,1
야슈톨라는 인간 자체가 완숙이라 감정 표출에 자연스럽고 농도 잘 치는데 위리앙제는 그런 부분에 서툴고 그걸 숨기고 싶어하는듯 그래서 둘다 좋아 손잡아줘,1
형원이 몬베베에게 공유해주려는 그 감성이 좋아,1
하 더블센터 너무 좋아,1
음 좋아 일단 만족,1
무력하게 우는게 좋아,1
좋다 가사 어떻게 쓰는지 또 알려주면 좋겠다 어제 진짜 척척척 써내려가던데,1
오빠 너무 좋아 보여 힘내,1
아 미친 히류님 프레이 존나 좋아,1
와 사무랑 츠무 둘이서 이나리신전 입구 지키는 어린 여우부족신 인거 생각하면 좋아,1
영신이 몸에 있는 마르베스가 넘버 부를때 다른 악마들도 같이 부르는데 이때 목소리 합쳐지는거 소름치셔서 좋더라 마르베스 혼자 부르는것보다 다른 악마들도 함께 부르는게 훨씬 응 좋아,1
요 말랑 토끼를 우짜면 좋아,1
옧택엱 김수혅 좋아 좀 얼굴 피골이 상접해선 몸은 건장한 애들,1
아 진짜 중딩때 헤비메탈 좀 조아햇어서 뭐 무대 찾아본거 잇엇는데 진짜 소 머리 관객석에 돌리고 마지막에는 악기 다 뿌셨음 관객들 소머리 이리저리 굴리면서 좋아 미쳐하는데 나 핸드폰을 집어던져야 하나 봐야하나 계속 고민했었음,1
매번 느끼는 거지만 챠밍은 딕션이 너무 좋아 제인 독백이 반절인 극이라 자칫하면 자첫러 소외시킬 수 잇는데 빠르지만 또박또박 전달해줘서 그런 거 없이 빠르게 이해할 수 있었어 물론 중간중간 대사 실수,1
좋아 근데 내 탐라에 많이 떠서 이미 내적 친분 많아,1
형원이 파마장발 인간 아닌 것 같아서 좋아 약간 데이빗 보위가 지기스타더스트 추구하던 그 느낌 나기도 하고,1
이건 마치 엄마랑 아빠 중에 누가 더 좋아 같내요,1
최부제는 한 번 도망쳤던 사람이고 그 기억 때문에 다시는 도망칠 수 없는 사람이란 게 넘 좋다 내가 사랑하는 성장 서사,1
형원이가 진짜 타격감이 좋아 나라도 맨날 놀림,1
일 함가 함가 끼요오오옥 완전 좋아 짱좋아 카페도 갈래 혹시 다꾸하니 다꾸용품 빌려줄까,1
환기하고 싶은가봄 좋아 그럼 신발을 빨고 옷장정리 하고 청소 해볼게,1
그냥 한놈이 구구절절하게 여주인공 좋아하며 맘 아파는거 보고 아 좋다 이랬음,1
한지 너무 기특해 너무 좋아 숨참기,1
정우 짱 좋아,1
자고 일어났더니 나애교 캐해가 어케 된서지 너무 좋다,1
오늘은 좀 스피드하고 좋다,1
이렇게 완벽한 엔딩을 주는 영화는 간만이라 더 좋아,1
나 이선배 좋아,1
제가 산 것 릴렉스밀란소파에요 트이타 보고 샀다네 소파 쿠션 발받침대 포함해서 만원인가 정도 나왔어요 포인트 페이백 받아서 한 만원쯤했던듯 정말 포근하네요 엄마도 앉아보게 해줬을 정도임 진짜 진짜 좀 큰가 싶은,1
연예인 남자친구 햄기님은 몬스타엑스 형원 좋다,1
어 나 이선배 좋아,1
노잼빌라 오늘 끝나네 너무 좋다,1
나 이 선배 좋아 사람 냄새 나,1
학원물 너무 좋아 누가 선배인가 토론으로 시간 채우기 가능해요,1
탄지로의 노래 좋아 진짜 귀칼은 노래랑 애니를 너무너무너무 잘 뽑았어,1
나 이선배 좋아 사람냄새나는것 같아,1
나 이 선배 쇼누 좋아,1
미친 다들 동기라면서요 나 이선배 좋아,1
님들아 원래 소리 가져옴,1
방방 너무 좋아 가끔 방방에서 보였던 텀블링하는 애들 그 친구한테 그걸 또 배웠던 나 아는 노래 나오면 더 신나게 타고 힘들면 내려와서 간식 후다닥 먹고 다시 올라갓음 갈 시간 얼마 안 남으면,1
근데 집이 더 좋아 학교 가기 싫다,1
우린 영혼의 폴라 폴라가 있는 곳으로 구경 좀 할래 내 폴라 우연 다이애나 미쳤어 너무 좋아 금방이라도 국자들고 춤출 것 같아,1
둘이 있을 때 은근히 살아나는 풋풋한 느낌이 좋아,1
나는 지금 나를보고있다 정말 좋다,1
아잇 지짜 험한말 험한말 아 핏 너무 좋다 진짜 미쳤어 미 쳤 어,1
누가 그내들 재생 좀 꺼주실분 멜론 스밍 로 해놓고 삼뮤로 계속 그내들 듣고있는중 아니 영탁씨 미친거 아닐까 진짜 천재둥이 가성부분 미치겠다 너무 좋다 너무 너무 좋다구,1
렌고쿠 보러갓다가 아카자 마음에 품고 나왓음 강함만 추구하는거 나쁘지 않아 아주 좋아,1
한이가준 방향제 그거 향너무너무너무너무너무조아서 맨날 코 갖다박고 오르슈팡처럼 하아하아 아주 좋아 스고쿠이이 하는중 내가 젤조아하는 향수랑 향닮아서 더조은듯 님들도 크리드 쓰세요 향수조습니다,1
난 널 몰라 또 넌 날 몰라 제발 닥쳐주겠니 나는 걱정 마 좋아 너보다 앞으로도 그럴 테지 예전부터 날 무시했던 친구들 다 어디 있어,1
근데 정신연령이 안 높아져 어떡하면 좋아 아무래도 한 살은 더 먹어야겟어,1
일러퀄 좋다,1
피아노 치는 천러 너무 좋아,1
어제 연통팬싸 때 마지막 뷰티풀 아직 멀다고 했는데 뭐 충분히 예쁘고 좋잖아요 너무 좋아,1
나의 연인 무대는 볼때마다 민규 표정이 너무너무 좋다 어휘력이 딸려 자세히 설명을 못 하지만 뭔가 따뜻하면서 벅차오르는 느낌 보는 사람도 같이 감정을 따라가게 되는 느낌,1
좋아 아주 만족해,1
루이 뒤에 숨으면 아예 안보이는 네네가 좋다 에무가 네네 짱 어디 있어 하고 찾으면 루이 뒤에서 뿅 나타나서 찾았어 에무 해야됨,1
한 번 파보세요 보기보다 좋습니다 야 파보니 정말 좋다 또 파자 걍 욷퍼네요,1
그것도 좋다 그날 밤에 섹스하는데 엘빈 무릎쪽에 멍든것 보고 립 이거 아까 이리된건가 미안하다 내가 좀 더 잘 붙잡아줬어야 하는데 라며 사과하는거 엘빈 위에서 자기 무릎보며 저기압된 립 빤히,1
울 애가 빌보드랑 그레미 뭐 그런 것보다 팬들 만나는게 더 좋다 그런식으로 말햇는데 즈그 애 저격이냐 이래놓고 인용 개달리니까 쫄려서 플텍튘,1
아침마다 거울보면서 입마개차는 알파단 너무 좋다,1
비카라 인정 좋아,1
공연 시작 전에 에셈알처럼 말 달리는 소리 사람 대화하는 웅성웅성 소리 발소리 들리는 거 너무 좋아,1
봄날 꽃이 살랑이는 것이 너무 보기 좋아 아기여우 현수는 짧은 다리로 총총총 움직여 살랑거리고있는 꽃 곁에 갔어요 안녕 현수의 질문에 답이라도 하듯 살랑이는 꽃의 모습에 꺄르륵 웃으며 꽃의 옆을,1
너무 좋다 우리 일정에 그래미가 있다는게,1
근데 솔직히 룰 지키자 좋아 하지만작가도 이미 은 여지 많다 예외다 말했는데 그걸 굳이 잡아패야 하나,1
케이크 뭐가 좋아,1
나랑 놀아주는 그대가 좋아 내가 물어보면 그대도 좋아,1
천재히나 히나가 능력카피면 사요는 능력 무력화 한쪽은 능력을 카피하고 한쪽은 능력을 무력화시켜버려 그러면 당한쪽은 능력이 뺏긴거같고 좀 분하겠지 히카와자매 좋아,1
천러버블 미쳤어 너무 좋아,1
나는 개인적으로 예삐를 사랑하는편 그 특유의 유쾌함이좋아 하비도 좋아 그 나이가 되어서도 자신의 신념만큼은 굳건한걸좋아해 덫사냥꾼 킴도 총쏘는 법알려주면서 나한테 총은 함부로 쏘지 말아달라하는부탁을좋아햇음그러면서도선택은나한테맡겻고,1
모종의 이유로 진짜 관계 끝장나고 완전 서로 악감정과 어린 날의 치기 가득한 상태로 헤어졌다가 사회인이 된 이후에나 재회하게 되는 쌍둥이 보고싶다 만나게 된 이유도 그냥 애비죽음 등등 어쩔 수 없이 끌려나와,1
일요일 좋다,1
아 그리고 중간에 선관귀신이 요시다 과거 설명하는 씬에서 창 하고 해웅이가 장구 치면서 추임새 넣는 거랑 형광 부채춤 나 이런거 좋아 정말 신나기까지 했어 우리나라 아니면 창작할 수 없는 씬들이잖아,1
노래 부르는 도운이 넘 좋아,1
기연이 좋아 죽겠어,1
뮤온은 좋아 끄덕,1
좋아 나랑 짱친해용,1
아 너무 좋아 아 상영 연장해 연장하라고,1
오늘 초콜렛 에 적힌 아프리카 격언이 너무너무 좋아 우리가 서로 사랑하는 곳에선 절대 밤이 오지 않는다,1
가든쿠키 청옥이 좋아,1
천러 피아노 치는거 너무 좋아,1
우메언니 너무 좋아 왜 이러냐는 거 겨울엔 따땃한 전기장판에서 호빵이랑 귤까주고 싶고 여름엔 에어컨 틀고 아이스크림 사다주고 싶어 왜 이래 안 먹어 하면 함만 먹어보라고 징징거릴거임 그럼 먹어줌 잘 머금,1
어캄 좋아,1
볼때마다 욕하지만 그래도 좋아 화요일 열시반,1
우와 피아노 넘 좋아 천러버블,1
여우도 좋아,1
아아 밤푸딩님 문학소년의슬픔 너무 좋다,1
발까시 해주니까 좋아 죽네 개자지새끼 마지막에 싸는거 존나기여웡 나한테 발까시 당할사람 섹트 오프 변녀 일탈,1
천러버블 사랑해 넘 좋아,1
완전 좋아 나랑 짱친해요,1
천러버블 으악 나 죽음 진짜 너무 좋다,1
우리 강아지 표정 풍부한 것도 너무 좋아 눈썹까지 기똥차게 잘 사용한다,1
토끼 좋아,1
내말이 문투 편하고 간단하고 얼마나 좋아,1
천러버블 아 너무 좋다 천러야,1
간지러워 안무가 좋아,1
물론 충분히 어린거지만 초등중등이 대다수였던 프리티 시리즈에서 성숙진 고등학생이라서 더 좋아 아이돌랜드 신캐,1
오늘부터 일 좋다,1
나두 좋아,1
좋아 등까지 올라와,1
기분이 좋아 보이네 좋은 일이라도 있나봐 여기선 그런 표정을 보기 어렵거든 그야 추출팀에서는 모두가 무표정이니까,1
우 우유씨 같은 사람은 유 유도리가 넘쳐서 좋아 키 키도 크고 사 사람이 착해,1
너무 좋다 더더갖고놀고싶다 판치만의 늑대인형으로 가이를 개조시키겠어,1
난 폰 노트시리즈가 너무 좋아,1
한 입에 넣음,1
성장하는 캐릭터를 보는게 너무너무 좋다 하지만 엠은 항상 성장여지없는나락캐나 이미다커온인외캐를냅니다,1
그럼 담쟁이덩굴 화인이겠네요 좋다,1
형원이 웃음소리 너무 좋아,1
처음은 광기캐같고 두번째는 까칠캐같고 세번째는 처연캐같고 네번째는 무심캐같아서 너무 좋아,1
나 셔누가 좋아,1
엽빛 가닐이 고백했는데 엽당쿤이 그래 좋아 사귀자 해서 존나 얼빠짐 네 저 형 좋아한다니까요 그래 나도 좋다니까 엥 저 형이랑 키스도 하고 싶고 섹 그것도 하고 싶단 말을 하는 거,1
천러야 앞부분에 천천히 감정 담아서 치는 것 같아서 눈물나 너무 좋다 피아노치는 천러 모습도 보고싶어 우리 애기 천재 사랑해,1
다시 봐도 영상미 대박이야 내내 흑백이었다가 생각해 요부분에서 색깔 입혀지는 거 너무 좋아,1
사랑의 콜센타 멜로 눈빛 자제 부탁드립니다 흑흑 좋은데 싫어 싫은데 좋아 김희재,1
저 찌맨한 발 탁탁탁거리는것좀봐,1
나진자 샬럿이 피니 머리 만지다 잔다는 썰듣고 기절할번함 앤오님은 정말짱이에 엉엉엉샬럿너를정말사랑해,1
치칭푸이푸이 노래 너무 좋아,1
저거 너무 좋다 입술 쭉내밀고잇는것같긷 해,1
나 진짜 미치겠어 아직도 좋아 월요커플이 이 애틋한 감정 어쩜 좃니,1
어쩜정말이렇게한입거리일수가있는지,1
언젠가 사라져버리는 일순이라도 좋아 태어나 남긴 증거가 있다면,1
천러 피아노 너무 좋다,1
진격의거인 만화챗 주문했다 하악 존나 좋아,1
이자식들 맨날 궁도만하더니 대체 어디서 이런 몸을 길러온 거야 발칙한것들,1
천러버블 천러야 너만의 감성이 너무 좋아 피아노 치는 천러 체고,1
아 지무영 너무 좋아,1
데가 이럴때 너무 귀엽고 좋아,1
약간 제이팝은 새벽이나 밤에 센치 해질수있고 케이팝은 거리에서 유사 내가 제일 잘 나가 뮤비 찍을 수 있고 팝송은 하이틴 감성이 듬뿍인것같애요 일반화는 아니고 극히 주관적입니다 다 좋아,1
돈 많으면 좋아,1
몇번을 생각해도 스팀펑크풍 정장 여캐한테 모자 긴바지 풍성한소매 긴장갑 길게늘어진 뒤쪽옷 거기에 안대까지 다때려박는건 너무 과다설정이 아닌가 싶은데 정말 좋아,1
빙하와 사존의 커플 빨대 좋아 라니 사랑스러운 세계,1
잠을 잘 땐 내 쪽으로 등을 돌리고 자지 않았으면 좋겠어 그렇게 비를 안고 자는 것도 좋아하지만 마주 안고 자는 게 역시 좋아,1
내가 사랑하는뮤플리에게 잠들기전필수영상 돌들의 침묵에 에이티즈의 등장이라 영상보고 사랑백퍼충전하고 나왔어요 이게뭐야 완전 사랑둥이들의 파자마파티같아 눈에서 꿀,1
얘들아 나 성찬이가 좋다,1
어제보다 진행이빠른거같아서 좋다,1
폰케가 정신 없나 그래서 좋아,1
미움받을 용기 세팅한다는 말이 그렇게 좋다,1
고정스케 너무 좋다 다음주에 이거 또보는거아니야,1
딱히 모성애에 집착한다기보단 모성애로 대표되는 아가페 즉 절대 거부하지 않는 존재를 선망하는 어쩌고 사실 그냥 나는 마망이 좋다,1
모스키노 흰색 향 좋아 검은색은 미안,1
미쳣어 미쳣어 나 종천러가 치는 피아노가 너무 좋아,1
철이 없었죠 몬엑 선배들이 좋아 몬엑대 컴공과에 왔다는게 몬스타엑스 셔누 컴퓨터공학과,1
너무 좋다 내년에 꼭 몬엑대 입학해야지,1
오늘 머리 좋다,1
허어엉 좋다 좋아,1
은혼 의 지략파 지구인과 치명타 한 두번쯤 맞아도 하면서 파워 체술로 밀어붙이는 야토족 설정에 좋아 죽는 중 그림은 은영편이지만 아무튼 장암 낙양편 트루,1
난 밀당 싫어 좋아하면 좋아한다 보고싶으면 보고싶다 있는 그대로 말해주는게 좋아 그래서 주성현이 좋아 더 사랑하는 쪽이 지는거라는 말이 있는데 정다온 더 많이 사랑하면서도 진다고 생각하지 않을 주성현이라서 좋아,1
어어 좋아,1
이 부분이 너무 좋아,1
피아노 좋다,1
정말 각각 다 좋아하는 소재라서 어케 바리에이션 되든 좋아함 연상대형견 좋아 갈녹슬랜더연하 좋아 흑청은 대체불가능해요 해요,1
연출만큼은 좋다,1
너무 좋아 이프야,1
에슾 진짜 사랑같은건 타인을 위해 나를 쫌쫌따리 잘라내서 나를 희생해야하는 비효율적인것이라고 생각하고있을삘임 데이트같은것도 그런거할시간에 연구나하지 왜 하면서 꼰대같이보고잇을거같름 근데 이런 에슾,1
울 애가 그레미나 빌보드보다 팬분들 만나는 게 더 좋다 이런 식으로 이야기하니까 지혼자 찔려갖고 저격웅앵웅 거리자나 그래놓고 인용 겁나 달리니까 쫄려서 플텍 걸엇웡,1
선생학생 너무 좋다 학생 학생으로도 먹고 선생 학생으로도 먹고 둘 다 하면 되지 않을까요 설렌다,1
좋아좋아 투머치토커 너무 좋아,1
마자 톡톡에서 같이 수다떠는 민혁이 넘 좋아 사랑스러워,1
동그랗고 좋다,1
꼬리 좋아,1
어 제법 골때리네 그래도 좋다,1
강남구청 카메스시 런치 오마카세 원 가격대비 퀼리티 좋다 마지막 방어란 말에 눈물 흘리면서 먹었다,1
박서준 윤스테이 화 영상볼땐 마스크 팩만 보였는데 자세히 보니 자세 뭔일 머리말리면서도 운동하니 아님 복근힘이 좋아 편한거니 보통 양반다리 하지 않냐구 등받이 없이,1
이미친 구공탄 너무 좋아,1
민혁이 티엠아 좋아,1
아찐 짜 좋아 흥정은 얌굿이 에이 이가격엔 이러고 하고 장부는 하루나가 계산하는 티키타키 완전 좋다 같이 동등한 동업자,1
얘기해주는거 너무 좋아,1
첫데이트 먹짱 때문에 대차게 망함 와의 데이트가 인생 첫데이트라 옷도 신경쓰고 미리 코스도 짰는데 코스가 무슨 먹고죽은 귀신이 때깔도 좋다 컨셉임 밥먹다가 보는,1
프따 정말 다정한 사람이구나 싶네 어떤 누군가가 다른 누군가를 위해서 또는 자신의 목적을 위해서 자신의 삶을 내 던지려고 하면 곁에 있는 누군가가 그 방법 은 틀렸다고 말해주는 거 너무 다정하고,1
나 칭다오여행갔을 때 기억이 너무나도 좋아 진짜 졸라 재미있었고 겁나,1
완전 임금같고 좋아,1
이름이 제일 중요하거든요 그리고 좋을거야 노이즈 휘적 좋긴 무슨 하나도 안 좋아 보여요,1
요새 테일러스위프트 노래 빠져산다 너무 좋아,1
짜 코드 의상 너무 좋아,1
연하는 바라고 또 바랄걸요 랭킹전 아니고 결혼식이기를 그리고 연상같은 제자 없음 서러워서 죽어야 합니다 암요,1
이 두 도련님을 보필하는 하녀 유지라니 근데 그 두 도련님에게 몸으로 예쁨 받다니 거구의 미남덩치들한테 깔리는 메이드복 유지라니 마빡 치고 울고싶어짐 멀리서라도 바라보고싶다 역시 고유게 이타른 울,1
유지니 목소리나 창법이 되게 간드러지는 느낌인데도 유지니만의 에너지랑 짱짱한 성량으로 텐션 높은 노래부터 늘어지는 노래까지 다 커버한다는 게 넘 좋아,1
하 진짜 맘 같아서는 팬싸 갈때마다 분 내내 노래만 불러 달라고 하고싶다 무슨 음색이 맑고 청아하고 따뜻하고 부드럽고 시원하고 예쁘고 아름답고 좋은거 다 가졌네 다 가졌어 진심 너무 듣,1
넘 친구같고 좋아,1
부산 바다는 보기 좋아,1
이 부분 진짜 넘 좋아 죽겠음,1
눈 가리고 넘어가는 이해찬 너무 좋아 진짜 좋아서 혀 깨물고 죽을거야,1
피아노 위에 쌩뚱 맞게 닭인형 올려둬서 건반 칠때마다 조금씩 흔들리는 모습도 좋고 화장기 없는 마알간 얼굴로 화면 응시하는 모습도 좋음 감자깡 같은 쌀떡 손가락으로 힘차게 건반 누르는 것도 너무 좋아,1
에렌 어릴적부터 학습 된 리바이한정 무기력함 너무 좋다 억울할 법도 한데 병장님이시니까 하고 당연스레 받아들이는 것도 옆에만 앉아도 흠칫 몸 떠는거도 자기방식대로 길들인 것 같음 에렌은 그냥 리바이 작품인것이야,1
코난 특유 인간을 설레게하는 그림체가 너무 좋아 자신감 넘치는 눈썹과 확신찬 눈이랑 입매 전체적인 실루엣이 너무너무 좋음,1
작정한 날에만 힘 빡 줘서 내는 소리가 너무 좋아,1
짘짜 좋다 단정한 교우관계 좋은 잘생기고 키큰 모브,1
운동이나 하러 가자 요새 살도 찌고 저번 주에도 운동 한 번 밖에 하지 않았고 건강한 신체에 조금 덜 아픈 정신이 깃든다 좋아 오늘도 끝나지 않는 잔업같은 구질구질한 인생 연장 힘내보라구 후후후,1
진짜 근 년동안은 여행 관련해서 억지로 꾹 참고 안 찾아봤는데 이제는 견딜 수가 없네여 막 찾아보고 꺼이꺼이 울고 또 찾아보기 나 진짜 후쿠오카가 넘 가고싶다 후쿠오,1
전에는 락사운드랑 일렉사운드 많이나는 밴드노래를 좋아했는데 루시 좋아하면서 취향이 많이바뀜 엠비언스가 이렇게 좋은지도 몰랐구 애들 커버하는 곡들도 대체로 자연느낌이 많이나서 좋아 나는 루시 노래하면 나,1
월요일 좋아 다음으로 노래 좋은 듰요,1
나 아르나이젤이 너무 좋아 귀여워,1
고마워 사실 레벨링 할때 던전이 제일 효율 좋다 그래서 한번 해보려구,1
올화이트 부리드도 좋다 그래도,1
하준이 필요없어 라고 한건가 귀여워 그리고 노래가 너무 좋다 풀버전 듣고싶어,1
앜 진짜 고런 발상 좋아,1
난 민혁이가 관종이라 좋아,1
번 좋다 봇짜마들 싸우는거 보고들으면서 와하하 하고 있을래 잼있겠당,1
하아메르헨님 하악 흐어앜,1
메인트는 왜 두 개가 안 되는 거야,1
오늘 의상 다 하얀 게 좋다,1
물총싸움 좋아,1
중튀드 설명이 너무 좋아서 계속 그것만 생각하고잇음 아 근데 근데 진짜 좋아 원래부터 중튀드가 좋앗는데 더 좋아,1
곤드레밥을 두 그릇 싹싹 먹었더니 정말 밥이 보약이란 말이 실감난다 이번주 힘들었는데 피로가 확 풀렸어 기분도 좋다,1
아 근데 진짜 좋구 궁금하긴해,1
나는 아기 절대 안 낳을거야 나는 내가 제일 소중해서 아기같은거에 돈 시간 정성 못 들여 매달 기부하면서 사는게 더 좋아,1
하 진짜 맘 같아서는 팬싸 갈때마다 대열이한테 분 내내 노래만 불러 달라고 하고싶다 무슨 음색이 맑고 청아하고 따뜻하고 부드럽고 시원하고 예쁘고 아름답고 좋은거 다 가졌네 다 가졌어 진심,1
고우오시들 굉장해요 초록 빨강 노랑 핑크 남색으로 꾸미고왔는데 위화감 제로에욬 괜찮아 나는 너희가 큰 주사기 들고 설치는 캐붕이어도 좋아 이상한거만 하지마,1
쟁치 권의 첫페이지 치치 시점 문장과 응치 권 첫페이지의 현우종 시점의 문장이 비슷하게 시작되는 것도 너무 좋아,1
나 주말엔 알바 뛰고 월요일엔 전부 녹강이라 스펀지밥 됨 월요일 좋아,1
그니까 차라리 먹고 운동하는 게 더 효율성있음 그리고 운동하면 되게 뿌듯함 기초대사량도 올라감 체력도 생김 얼마나 좋아,1
라일락 이번 화 여기 좋다,1
